<?xml version="1.0" encoding="utf-8"?>
<Messages>
	<Message severity="INFO" prefix="[SCHED 204-61]" key="SCHED_PIPELINING_STATUS_631" tag="SCHEDULE" content="Option &apos;relax_ii_for_timing&apos; is enabled, will increase II to preserve clock frequency constraints."/>
	<Message severity="WARNING" prefix="[HLS 200-40]" key="HLS_40_1850" tag="" content="Skipped source file &apos;x_in_wnsin.dat&apos;. Source files must have extensions .c, .C, .cc, .cpp, .c++, .cp, or .cxx."/>
	<Message severity="WARNING" prefix="[HLS 200-40]" key="HLS_40_1850" tag="" content="Skipped source file &apos;desired_sin.dat&apos;. Source files must have extensions .c, .C, .cc, .cpp, .c++, .cp, or .cxx."/>
	<Message severity="INFO" prefix="[HLS 200-10]" key="HLS_10_1312" tag="" content="Analyzing design file &apos;lms_track.c&apos; ..."/>
	<Message severity="WARNING" prefix="[HLS 200-40]" key="HLS_40_1378" tag="" content="In file included from lms_track.c:1:
In file included from lms_track.c:11:
./desired_sin.dat:9002:1: warning: excess elements in array initializer
-171.0832907 ,
^~~~~~~~~~~~
./desired_sin.dat:2:1: warning: implicit conversion turns literal floating-point number into integer: &apos;double&apos; to &apos;data_length&apos; (aka &apos;short&apos;) [-Wliteral-conversion]
171.0832907 ,
^~~~~~~~~~~
./desired_sin.dat:3:1: warning: implicit conversion turns literal floating-point number into integer: &apos;double&apos; to &apos;data_length&apos; (aka &apos;short&apos;) [-Wliteral-conversion]
339.2392988 ,
^~~~~~~~~~~
./desired_sin.dat:4:1: warning: implicit conversion turns literal floating-point number into integer: &apos;double&apos; to &apos;data_length&apos; (aka &apos;short&apos;) [-Wliteral-conversion]
501.5908285 ,
^~~~~~~~~~~
./desired_sin.dat:5:1: warning: implicit conversion turns literal floating-point number into integer: &apos;double&apos; to &apos;data_length&apos; (aka &apos;short&apos;) [-Wliteral-conversion]
655.36 ,
^~~~~~
./desired_sin.dat:6:1: warning: implicit conversion turns literal floating-point number into integer: &apos;double&apos; to &apos;data_length&apos; (aka &apos;short&apos;) [-Wliteral-conversion]
797.9157802 ,
^~~~~~~~~~~
./desired_sin.dat:7:1: warning: implicit conversion turns literal floating-point number into integer: &apos;double&apos; to &apos;data_length&apos; (aka &apos;short&apos;) [-Wliteral-conversion]
926.8190002 ,
^~~~~~~~~~~
./desired_sin.dat:8:1: warning: implicit conversion turns literal floating-point number into integer: &apos;double&apos; to &apos;data_length&apos; (aka &apos;short&apos;) [-Wliteral-conversion]
1039.86409 ,
^~~~~~~~~~
./desired_sin.dat:9:1: warning: implicit conversion turns literal floating-point number into integer: &apos;double&apos; to &apos;data_length&apos; (aka &apos;short&apos;) [-Wliteral-conversion]
1135.116817 ,
^~~~~~~~~~~
./desired_sin.dat:10:1: warning: implicit conversion turns literal floating-point number into integer: &apos;double&apos; to &apos;data_length&apos; (aka &apos;short&apos;) [-Wliteral-conversion]
1210.947381 ,
^~~~~~~~~~~
./desired_sin.dat:11:1: warning: implicit conversion turns literal floating-point number into integer: &apos;double&apos; to &apos;data_length&apos; (aka &apos;short&apos;) [-Wliteral-conversion]
1266.058299 ,
^~~~~~~~~~~
./desired_sin.dat:12:1: warning: implicit conversion turns literal floating-point number into integer: &apos;double&apos; to &apos;data_length&apos; (aka &apos;short&apos;) [-Wliteral-conversion]
1299.506609 ,
^~~~~~~~~~~
./desired_sin.dat:13:1: warning: implicit conversion turns literal floating-point number into integer: &apos;double&apos; to &apos;data_length&apos; (aka &apos;short&apos;) [-Wliteral-conversion]
1310.72 ,
^~~~~~~
./desired_sin.dat:14:1: warning: implicit conversion turns literal floating-point number into integer: &apos;double&apos; to &apos;data_length&apos; (aka &apos;short&apos;) [-Wliteral-conversion]
1299.506609 ,
^~~~~~~~~~~
./desired_sin.dat:15:1: warning: implicit conversion turns literal floating-point number into integer: &apos;double&apos; to &apos;data_length&apos; (aka &apos;short&apos;) [-Wliteral-conversion]
1266.058299 ,
^~~~~~~~~~~
./desired_sin.dat:16:1: warning: implicit conversion turns literal floating-point number into integer: &apos;double&apos; to &apos;data_length&apos; (aka &apos;short&apos;) [-Wliteral-conversion]
1210.947381 ,
^~~~~~~~~~~
./desired_sin.dat:17:1: warning: implicit conversion turns literal floating-point number into integer: &apos;double&apos; to &apos;data_length&apos; (aka &apos;short&apos;) [-Wliteral-conversion]
1135.116817 ,
^~~~~~~~~~~
./desired_sin.dat:18:1: warning: implicit conversion turns literal floating-point number into integer: &apos;double&apos; to &apos;data_length&apos; (aka &apos;short&apos;) [-Wliteral-conversion]
1039.86409 ,
^~~~~~~~~~
./desired_sin.dat:19:1: warning: implicit conversion turns literal floating-point number into integer: &apos;double&apos; to &apos;data_length&apos; (aka &apos;short&apos;) [-Wliteral-conversion]
926.8190002 ,
^~~~~~~~~~~
./desired_sin.dat:20:1: warning: implicit conversion turns literal floating-point number into integer: &apos;double&apos; to &apos;data_length&apos; (aka &apos;short&apos;) [-Wliteral-conversion]
797.9157802 ,
^~~~~~~~~~~
20 warnings generated."/>
	<Message severity="INFO" prefix="[HLS 200-111]" key="HLS_111_965" tag="" content="Finished Linking Time (s): cpu = 00:00:01 ; elapsed = 00:00:25 . Memory (MB): peak = 110.629 ; gain = 27.457"/>
	<Message severity="INFO" prefix="[HLS 200-111]" key="HLS_111_965" tag="" content="Finished Checking Pragmas Time (s): cpu = 00:00:01 ; elapsed = 00:00:25 . Memory (MB): peak = 110.629 ; gain = 27.457"/>
	<Message severity="INFO" prefix="[HLS 200-10]" key="HLS_10_1467" tag="" content="Starting code transformations ..."/>
	<Message severity="INFO" prefix="[HLS 200-111]" key="HLS_111_965" tag="" content="Finished Standard Transforms Time (s): cpu = 00:00:02 ; elapsed = 00:00:33 . Memory (MB): peak = 164.934 ; gain = 81.762"/>
	<Message severity="INFO" prefix="[HLS 200-10]" key="HLS_10_1472" tag="" content="Checking synthesizability ..."/>
	<Message severity="INFO" prefix="[XFORM 203-602]" key="XFORM_AUTO_INLINE_STATUS_223" tag="" content="Inlining function &apos;fp_struct&lt;double&gt;::mantissa&apos; into &apos;generic_cast_IEEE754&lt;short, (ap_q_mode)6, double&gt;&apos; (r:/builds/2018.3/continuous/2018_12_06_2405991/src/products/hls/hls_lib/hlsmath/include/FloatingPoint\hls_case_IEEE754.h:14) automatically."/>
	<Message severity="INFO" prefix="[XFORM 203-602]" key="XFORM_AUTO_INLINE_STATUS_223" tag="" content="Inlining function &apos;fp_struct&lt;double&gt;::expv&apos; into &apos;generic_cast_IEEE754&lt;short, (ap_q_mode)6, double&gt;&apos; (r:/builds/2018.3/continuous/2018_12_06_2405991/src/products/hls/hls_lib/hlsmath/include/FloatingPoint\hls_case_IEEE754.h:17) automatically."/>
	<Message severity="INFO" prefix="[XFORM 203-602]" key="XFORM_AUTO_INLINE_STATUS_223" tag="" content="Inlining function &apos;fp_struct&lt;double&gt;::__signbit&apos; into &apos;generic_cast_IEEE754&lt;short, (ap_q_mode)6, double&gt;&apos; (r:/builds/2018.3/continuous/2018_12_06_2405991/src/products/hls/hls_lib/hlsmath/include/FloatingPoint\hls_case_IEEE754.h:58) automatically."/>
	<Message severity="INFO" prefix="[XFORM 203-602]" key="XFORM_AUTO_INLINE_STATUS_223" tag="" content="Inlining function &apos;generic_cast_IEEE754&lt;short, (ap_q_mode)6, double&gt;&apos; into &apos;generic_cast_IEEE754&lt;short, double&gt;&apos; (r:/builds/2018.3/continuous/2018_12_06_2405991/src/products/hls/hls_lib/hlsmath/include/FloatingPoint\hls_case_IEEE754.h:116) automatically."/>
	<Message severity="INFO" prefix="[XFORM 203-602]" key="XFORM_AUTO_INLINE_STATUS_223" tag="" content="Inlining function &apos;generic_cast_IEEE754&lt;short, double&gt;&apos; into &apos;__hls_fptosi_double_i16&apos; (r:/builds/2018.3/continuous/2018_12_06_2405991/src/products/hls/hls_lib/hlsmath/src/lib_floatconversion.cpp:53) automatically."/>
	<Message severity="INFO" prefix="[XFORM 203-602]" key="XFORM_AUTO_INLINE_STATUS_223" tag="" content="Inlining function &apos;__hls_fptosi_double_i16&apos; into &apos;lms_track&apos; (lms_track.c:43) automatically."/>
	<Message severity="INFO" prefix="[HLS 200-111]" key="HLS_111_965" tag="" content="Finished Checking Synthesizability Time (s): cpu = 00:00:03 ; elapsed = 00:00:34 . Memory (MB): peak = 186.844 ; gain = 103.672"/>
	<Message severity="INFO" prefix="[XFORM 203-602]" key="XFORM_AUTO_INLINE_STATUS_223" tag="" content="Inlining function &apos;fp_struct&lt;double&gt;::mantissa&apos; into &apos;generic_cast_IEEE754&lt;short, (ap_q_mode)6, double&gt;&apos; (r:/builds/2018.3/continuous/2018_12_06_2405991/src/products/hls/hls_lib/hlsmath/include/FloatingPoint\hls_case_IEEE754.h:14) automatically."/>
	<Message severity="INFO" prefix="[XFORM 203-602]" key="XFORM_AUTO_INLINE_STATUS_223" tag="" content="Inlining function &apos;fp_struct&lt;double&gt;::expv&apos; into &apos;generic_cast_IEEE754&lt;short, (ap_q_mode)6, double&gt;&apos; (r:/builds/2018.3/continuous/2018_12_06_2405991/src/products/hls/hls_lib/hlsmath/include/FloatingPoint\hls_case_IEEE754.h:17) automatically."/>
	<Message severity="INFO" prefix="[XFORM 203-602]" key="XFORM_AUTO_INLINE_STATUS_223" tag="" content="Inlining function &apos;fp_struct&lt;double&gt;::__signbit&apos; into &apos;generic_cast_IEEE754&lt;short, (ap_q_mode)6, double&gt;&apos; (r:/builds/2018.3/continuous/2018_12_06_2405991/src/products/hls/hls_lib/hlsmath/include/FloatingPoint\hls_case_IEEE754.h:58) automatically."/>
	<Message severity="INFO" prefix="[XFORM 203-602]" key="XFORM_AUTO_INLINE_STATUS_223" tag="" content="Inlining function &apos;generic_cast_IEEE754&lt;short, (ap_q_mode)6, double&gt;&apos; into &apos;generic_cast_IEEE754&lt;short, double&gt;&apos; (r:/builds/2018.3/continuous/2018_12_06_2405991/src/products/hls/hls_lib/hlsmath/include/FloatingPoint\hls_case_IEEE754.h:116) automatically."/>
	<Message severity="INFO" prefix="[XFORM 203-602]" key="XFORM_AUTO_INLINE_STATUS_223" tag="" content="Inlining function &apos;generic_cast_IEEE754&lt;short, double&gt;&apos; into &apos;__hls_fptosi_double_i16&apos; (r:/builds/2018.3/continuous/2018_12_06_2405991/src/products/hls/hls_lib/hlsmath/src/lib_floatconversion.cpp:53) automatically."/>
	<Message severity="INFO" prefix="[XFORM 203-602]" key="XFORM_AUTO_INLINE_STATUS_223" tag="" content="Inlining function &apos;__hls_fptosi_double_i16&apos; into &apos;lms_track&apos; (lms_track.c:43) automatically."/>
	<Message severity="WARNING" prefix="[ANALYSIS 214-31]" key="ANALYSIS_ARRAY_ACCESS_OUTBOUND_179" tag="" content="The program may have out of bound access of array variable &apos;data_reg&apos; in function &apos;lms_track&apos; (lms_track.c:43:1)."/>
	<Message severity="INFO" prefix="[HLS 200-111]" key="HLS_111_965" tag="" content="Finished Pre-synthesis Time (s): cpu = 00:00:03 ; elapsed = 00:00:36 . Memory (MB): peak = 233.781 ; gain = 150.609"/>
	<Message severity="INFO" prefix="[HLS 200-111]" key="HLS_111_965" tag="" content="Finished Architecture Synthesis Time (s): cpu = 00:00:04 ; elapsed = 00:00:37 . Memory (MB): peak = 240.496 ; gain = 157.324"/>
	<Message severity="INFO" prefix="[HLS 200-10]" key="HLS_10_1317" tag="" content="Starting hardware synthesis ..."/>
	<Message severity="INFO" prefix="[HLS 200-10]" key="HLS_10_1385" tag="" content="Synthesizing &apos;lms_track&apos; ..."/>
	<Message severity="INFO" prefix="[HLS 200-10]" key="HLS_10_1477" tag="" content="----------------------------------------------------------------"/>
	<Message severity="INFO" prefix="[HLS 200-42]" key="HLS_42_1438" tag="" content="-- Implementing module &apos;lms_track&apos;"/>
	<Message severity="INFO" prefix="[HLS 200-10]" key="HLS_10_1478" tag="" content="----------------------------------------------------------------"/>
	<Message severity="INFO" prefix="[SCHED 204-11]" key="SCHED_SCHED_STATUS_597" tag="" content="Starting scheduling ..."/>
	<Message severity="WARNING" prefix="[SCHED 204-21]" key="SCHED_DELAY_EXCEEDED_76" tag="SDX_KERNEL,SCHEDULE" content="Estimated clock period (10.5637ns) exceeds the target (target clock period: 10ns, clock uncertainty: 1.25ns, effective delay budget: 8.75ns)."/>
	<Message severity="WARNING" prefix="[SCHED 204-21]" key="SCHED_DELAY_EXCEEDED_74" tag="SDX_KERNEL,SCHEDULE" content="The critical path in module &apos;lms_track&apos; consists of the following:
	&apos;mul&apos; operation of DSP[69] (&apos;tmp_9&apos;, lms_track.c:33) [68]  (3.36 ns)
	&apos;add&apos; operation of DSP[69] (&apos;out&apos;, lms_track.c:33) [69]  (3.02 ns)
	&apos;add&apos; operation (&apos;sum&apos;, lms_track.c:38) [75]  (2.08 ns)
	&apos;sub&apos; operation (&apos;tmp_1&apos;, lms_track.c:38) [77]  (2.11 ns)"/>
	<Message severity="INFO" prefix="[SCHED 204-11]" key="SCHED_SCHED_STATUS_596" tag="" content="Finished scheduling."/>
	<Message severity="INFO" prefix="[HLS 200-111]" key="HLS_111_966" tag="" content=" Elapsed time: 38.641 seconds; current allocated memory: 180.645 MB."/>
	<Message severity="INFO" prefix="[HLS 200-434]" key="HLS 200-434" tag="SDX" content="Only 0 loops out of a total 3 loops have been pipelined in this design."/>
	<Message severity="INFO" prefix="[BIND 205-100]" key="BIND_100_926" tag="" content="Starting micro-architecture generation ..."/>
	<Message severity="INFO" prefix="[BIND 205-101]" key="BIND_101_698" tag="" content="Performing variable lifetime analysis."/>
	<Message severity="INFO" prefix="[BIND 205-101]" key="BIND_101_697" tag="" content="Exploring resource sharing."/>
	<Message severity="INFO" prefix="[BIND 205-101]" key="BIND_101_693" tag="" content="Binding ..."/>
	<Message severity="INFO" prefix="[BIND 205-100]" key="BIND_100_925" tag="" content="Finished micro-architecture generation."/>
	<Message severity="INFO" prefix="[HLS 200-111]" key="HLS_111_966" tag="" content=" Elapsed time: 1.471 seconds; current allocated memory: 181.167 MB."/>
	<Message severity="INFO" prefix="[HLS 200-10]" key="HLS_10_1483" tag="" content="----------------------------------------------------------------"/>
	<Message severity="INFO" prefix="[HLS 200-10]" key="HLS_10_1484" tag="" content="-- Generating RTL for module &apos;lms_track&apos;"/>
	<Message severity="INFO" prefix="[HLS 200-10]" key="HLS_10_1485" tag="" content="----------------------------------------------------------------"/>
	<Message severity="INFO" prefix="[RTGEN 206-500]" key="PREPROC_IO_COMP_CONFLICT_1950" tag="" content="Setting interface mode on port &apos;lms_track/y&apos; to &apos;ap_vld&apos;."/>
	<Message severity="INFO" prefix="[RTGEN 206-500]" key="PREPROC_IO_COMP_CONFLICT_1950" tag="" content="Setting interface mode on port &apos;lms_track/x&apos; to &apos;ap_none&apos;."/>
	<Message severity="INFO" prefix="[RTGEN 206-500]" key="PREPROC_IO_COMP_CONFLICT_1950" tag="" content="Setting interface mode on port &apos;lms_track/iter&apos; to &apos;ap_none&apos;."/>
	<Message severity="INFO" prefix="[RTGEN 206-500]" key="PREPROC_IO_COMP_CONFLICT_1950" tag="" content="Setting interface mode on function &apos;lms_track&apos; to &apos;ap_ctrl_hs&apos;."/>
	<Message severity="INFO" prefix="[SYN 201-210]" key="SYN_210_889" tag="" content="Renamed object name &apos;lms_track_dadd_64ns_64ns_64_5_full_dsp_1&apos; to &apos;lms_track_dadd_64bkb&apos; due to the length limit 20"/>
	<Message severity="INFO" prefix="[SYN 201-210]" key="SYN_210_889" tag="" content="Renamed object name &apos;lms_track_dmul_64ns_64ns_64_6_max_dsp_1&apos; to &apos;lms_track_dmul_64cud&apos; due to the length limit 20"/>
	<Message severity="INFO" prefix="[SYN 201-210]" key="SYN_210_889" tag="" content="Renamed object name &apos;lms_track_sitodp_32s_64_6_1&apos; to &apos;lms_track_sitodp_dEe&apos; due to the length limit 20"/>
	<Message severity="INFO" prefix="[SYN 201-210]" key="SYN_210_889" tag="" content="Renamed object name &apos;lms_track_mul_mul_16s_16s_32_1_1&apos; to &apos;lms_track_mul_muleOg&apos; due to the length limit 20"/>
	<Message severity="INFO" prefix="[SYN 201-210]" key="SYN_210_889" tag="" content="Renamed object name &apos;lms_track_mac_muladd_16s_16s_38ns_38_1_1&apos; to &apos;lms_track_mac_mulfYi&apos; due to the length limit 20"/>
	<Message severity="INFO" prefix="[SYN 201-210]" key="SYN_210_889" tag="" content="Renamed object name &apos;lms_track_mac_muladd_16s_16s_31ns_31_1_1&apos; to &apos;lms_track_mac_mulg8j&apos; due to the length limit 20"/>
	<Message severity="INFO" prefix="[RTGEN 206-100]" key="RTGEN_100_855" tag="" content="Generating core module &apos;lms_track_dadd_64bkb&apos;: 1 instance(s)."/>
	<Message severity="INFO" prefix="[RTGEN 206-100]" key="RTGEN_100_855" tag="" content="Generating core module &apos;lms_track_dmul_64cud&apos;: 1 instance(s)."/>
	<Message severity="INFO" prefix="[RTGEN 206-100]" key="RTGEN_100_855" tag="" content="Generating core module &apos;lms_track_mac_mulfYi&apos;: 1 instance(s)."/>
	<Message severity="INFO" prefix="[RTGEN 206-100]" key="RTGEN_100_855" tag="" content="Generating core module &apos;lms_track_mac_mulg8j&apos;: 1 instance(s)."/>
	<Message severity="INFO" prefix="[RTGEN 206-100]" key="RTGEN_100_855" tag="" content="Generating core module &apos;lms_track_mul_muleOg&apos;: 1 instance(s)."/>
	<Message severity="INFO" prefix="[RTGEN 206-100]" key="RTGEN_100_855" tag="" content="Generating core module &apos;lms_track_sitodp_dEe&apos;: 1 instance(s)."/>
	<Message severity="INFO" prefix="[RTGEN 206-100]" key="RTGEN_100_856" tag="" content="Finished creating RTL model for &apos;lms_track&apos;."/>
	<Message severity="INFO" prefix="[HLS 200-111]" key="HLS_111_966" tag="" content=" Elapsed time: 2.018 seconds; current allocated memory: 182.077 MB."/>
	<Message severity="INFO" prefix="[RTMG 210-278]" key="RTMG_278_1792" tag="" content="Implementing memory &apos;lms_track_data_reg_ram (RAM)&apos; using block RAMs with power-on initialization."/>
	<Message severity="INFO" prefix="[RTMG 210-278]" key="RTMG_278_1790" tag="" content="Implementing memory &apos;lms_track_coe_ram (RAM)&apos; using block RAMs."/>
	<Message severity="INFO" prefix="[HLS 200-111]" key="HLS_111_965" tag="" content="Finished generating all RTL models Time (s): cpu = 00:00:05 ; elapsed = 00:00:48 . Memory (MB): peak = 240.496 ; gain = 157.324"/>
	<Message severity="INFO" prefix="[SYSC 207-301]" key="SYSC_301_1065" tag="" content="Generating SystemC RTL for lms_track."/>
	<Message severity="INFO" prefix="[VHDL 208-304]" key="VHDL_304_1066" tag="" content="Generating VHDL RTL for lms_track."/>
	<Message severity="INFO" prefix="[VLOG 209-307]" key="VLOG_307_1067" tag="" content="Generating Verilog RTL for lms_track."/>
	<Message severity="INFO" prefix="[HLS 200-112]" key="HLS_112_964" tag="" content="Total elapsed time: 48.176 seconds; peak allocated memory: 182.077 MB."/>
</Messages>
