<stg><name>lms_track</name>


<trans_list>

<trans id="193" from="1" to="2">
<condition id="-1">
<or_exp><and_exp></and_exp></or_exp>
</condition>
</trans>

<trans id="194" from="2" to="3">
<condition id="-1">
<or_exp><and_exp><literal name="exitcond1" val="1"/>
</and_exp></or_exp>
</condition>
</trans>

<trans id="195" from="2" to="2">
<condition id="-1">
<or_exp><and_exp><literal name="exitcond1" val="0"/>
</and_exp></or_exp>
</condition>
</trans>

<trans id="197" from="3" to="4">
<condition id="-1">
<or_exp><and_exp></and_exp></or_exp>
</condition>
</trans>

<trans id="198" from="4" to="5">
<condition id="-1">
<or_exp><and_exp></and_exp></or_exp>
</condition>
</trans>

<trans id="199" from="5" to="6">
<condition id="-1">
<or_exp><and_exp></and_exp></or_exp>
</condition>
</trans>

<trans id="200" from="6" to="7">
<condition id="-1">
<or_exp><and_exp><literal name="tmp_4" val="0"/>
</and_exp></or_exp>
</condition>
</trans>

<trans id="201" from="6" to="9">
<condition id="-1">
<or_exp><and_exp><literal name="tmp_4" val="1"/>
</and_exp></or_exp>
</condition>
</trans>

<trans id="203" from="7" to="8">
<condition id="-1">
<or_exp><and_exp></and_exp></or_exp>
</condition>
</trans>

<trans id="204" from="8" to="6">
<condition id="-1">
<or_exp><and_exp></and_exp></or_exp>
</condition>
</trans>

<trans id="206" from="9" to="10">
<condition id="-1">
<or_exp><and_exp></and_exp></or_exp>
</condition>
</trans>

<trans id="207" from="10" to="11">
<condition id="-1">
<or_exp><and_exp></and_exp></or_exp>
</condition>
</trans>

<trans id="208" from="11" to="12">
<condition id="-1">
<or_exp><and_exp></and_exp></or_exp>
</condition>
</trans>

<trans id="209" from="12" to="13">
<condition id="-1">
<or_exp><and_exp></and_exp></or_exp>
</condition>
</trans>

<trans id="210" from="13" to="14">
<condition id="-1">
<or_exp><and_exp></and_exp></or_exp>
</condition>
</trans>

<trans id="211" from="14" to="15">
<condition id="-1">
<or_exp><and_exp></and_exp></or_exp>
</condition>
</trans>

<trans id="212" from="15" to="16">
<condition id="-1">
<or_exp><and_exp></and_exp></or_exp>
</condition>
</trans>

<trans id="213" from="16" to="17">
<condition id="-1">
<or_exp><and_exp></and_exp></or_exp>
</condition>
</trans>

<trans id="214" from="17" to="18">
<condition id="-1">
<or_exp><and_exp></and_exp></or_exp>
</condition>
</trans>

<trans id="215" from="18" to="19">
<condition id="-1">
<or_exp><and_exp></and_exp></or_exp>
</condition>
</trans>

<trans id="216" from="19" to="20">
<condition id="-1">
<or_exp><and_exp></and_exp></or_exp>
</condition>
</trans>

<trans id="217" from="20" to="21">
<condition id="-1">
<or_exp><and_exp></and_exp></or_exp>
</condition>
</trans>

<trans id="218" from="21" to="22">
<condition id="-1">
<or_exp><and_exp></and_exp></or_exp>
</condition>
</trans>

<trans id="219" from="22" to="23">
<condition id="-1">
<or_exp><and_exp></and_exp></or_exp>
</condition>
</trans>

<trans id="220" from="23" to="24">
<condition id="-1">
<or_exp><and_exp><literal name="exitcond" val="0"/>
</and_exp></or_exp>
</condition>
</trans>

<trans id="222" from="24" to="25">
<condition id="-1">
<or_exp><and_exp></and_exp></or_exp>
</condition>
</trans>

<trans id="223" from="25" to="26">
<condition id="-1">
<or_exp><and_exp></and_exp></or_exp>
</condition>
</trans>

<trans id="224" from="26" to="27">
<condition id="-1">
<or_exp><and_exp></and_exp></or_exp>
</condition>
</trans>

<trans id="225" from="27" to="28">
<condition id="-1">
<or_exp><and_exp></and_exp></or_exp>
</condition>
</trans>

<trans id="226" from="28" to="29">
<condition id="-1">
<or_exp><and_exp></and_exp></or_exp>
</condition>
</trans>

<trans id="227" from="29" to="30">
<condition id="-1">
<or_exp><and_exp></and_exp></or_exp>
</condition>
</trans>

<trans id="228" from="30" to="31">
<condition id="-1">
<or_exp><and_exp></and_exp></or_exp>
</condition>
</trans>

<trans id="229" from="31" to="32">
<condition id="-1">
<or_exp><and_exp></and_exp></or_exp>
</condition>
</trans>

<trans id="230" from="32" to="33">
<condition id="-1">
<or_exp><and_exp></and_exp></or_exp>
</condition>
</trans>

<trans id="231" from="33" to="34">
<condition id="-1">
<or_exp><and_exp></and_exp></or_exp>
</condition>
</trans>

<trans id="232" from="34" to="35">
<condition id="-1">
<or_exp><and_exp></and_exp></or_exp>
</condition>
</trans>

<trans id="233" from="35" to="36">
<condition id="-1">
<or_exp><and_exp></and_exp></or_exp>
</condition>
</trans>

<trans id="234" from="36" to="37">
<condition id="-1">
<or_exp><and_exp></and_exp></or_exp>
</condition>
</trans>

<trans id="235" from="37" to="38">
<condition id="-1">
<or_exp><and_exp></and_exp></or_exp>
</condition>
</trans>

<trans id="236" from="38" to="39">
<condition id="-1">
<or_exp><and_exp></and_exp></or_exp>
</condition>
</trans>

<trans id="237" from="39" to="40">
<condition id="-1">
<or_exp><and_exp></and_exp></or_exp>
</condition>
</trans>

<trans id="238" from="40" to="41">
<condition id="-1">
<or_exp><and_exp></and_exp></or_exp>
</condition>
</trans>

<trans id="239" from="41" to="42">
<condition id="-1">
<or_exp><and_exp></and_exp></or_exp>
</condition>
</trans>

<trans id="240" from="42" to="43">
<condition id="-1">
<or_exp><and_exp></and_exp></or_exp>
</condition>
</trans>

<trans id="241" from="43" to="23">
<condition id="-1">
<or_exp><and_exp></and_exp></or_exp>
</condition>
</trans>
</trans_list>



<state_list>

<state id="1" st_id="1">

<operation id="44" st_id="1" stage="1" lat="1">
<core>NULL</core>
<MemPortIdVec></MemPortIdVec>
<condition id="-1">
<or_exp><and_exp></and_exp></or_exp>
</condition>

<Node id="5" bw="0" op_0_bw="0" op_1_bw="16">
<![CDATA[
:0  call void (...)* @_ssdm_op_SpecBitsMap(i16* %y) nounwind, !map !7

]]></Node>
<StgValue><ssdm name=""/></StgValue>
</operation>

<operation id="45" st_id="1" stage="1" lat="1">
<core>NULL</core>
<MemPortIdVec></MemPortIdVec>
<condition id="-1">
<or_exp><and_exp></and_exp></or_exp>
</condition>

<Node id="6" bw="0" op_0_bw="0" op_1_bw="16">
<![CDATA[
:1  call void (...)* @_ssdm_op_SpecBitsMap(i16 %x) nounwind, !map !13

]]></Node>
<StgValue><ssdm name=""/></StgValue>
</operation>

<operation id="46" st_id="1" stage="1" lat="1">
<core>NULL</core>
<MemPortIdVec></MemPortIdVec>
<condition id="-1">
<or_exp><and_exp></and_exp></or_exp>
</condition>

<Node id="7" bw="0" op_0_bw="0" op_1_bw="16">
<![CDATA[
:2  call void (...)* @_ssdm_op_SpecBitsMap(i16 %iter) nounwind, !map !19

]]></Node>
<StgValue><ssdm name=""/></StgValue>
</operation>

<operation id="47" st_id="1" stage="1" lat="1">
<core>NULL</core>
<MemPortIdVec></MemPortIdVec>
<condition id="-1">
<or_exp><and_exp></and_exp></or_exp>
</condition>

<Node id="8" bw="0" op_0_bw="0" op_1_bw="0">
<![CDATA[
:3  call void (...)* @_ssdm_op_SpecTopModule([10 x i8]* @lms_track_str) nounwind

]]></Node>
<StgValue><ssdm name=""/></StgValue>
</operation>

<operation id="48" st_id="1" stage="1" lat="1">
<core>NULL</core>
<MemPortIdVec></MemPortIdVec>
<condition id="-1">
<or_exp><and_exp></and_exp></or_exp>
</condition>

<Node id="9" bw="16" op_0_bw="16" op_1_bw="16">
<![CDATA[
:4  %iter_read = call i16 @_ssdm_op_Read.ap_auto.i16(i16 %iter) nounwind

]]></Node>
<StgValue><ssdm name="iter_read"/></StgValue>
</operation>

<operation id="49" st_id="1" stage="1" lat="1">
<core>NULL</core>
<MemPortIdVec></MemPortIdVec>
<condition id="-1">
<or_exp><and_exp></and_exp></or_exp>
</condition>

<Node id="10" bw="16" op_0_bw="16" op_1_bw="16">
<![CDATA[
:5  %x_read = call i16 @_ssdm_op_Read.ap_auto.i16(i16 %x) nounwind

]]></Node>
<StgValue><ssdm name="x_read"/></StgValue>
</operation>

<operation id="50" st_id="1" stage="1" lat="1">
<core>RAM</core>
<MemPortIdVec></MemPortIdVec>
<condition id="-1">
<or_exp><and_exp></and_exp></or_exp>
</condition>

<Node id="11" bw="16" op_0_bw="64">
<![CDATA[
:6  %coe = alloca [9001 x i16], align 16

]]></Node>
<StgValue><ssdm name="coe"/><MemPortTyVec>2 3 </MemPortTyVec>
</StgValue>
</operation>

<operation id="51" st_id="1" stage="1" lat="1">
<core>Cmp</core>
<MemPortIdVec></MemPortIdVec>
<condition id="-1">
<or_exp><and_exp></and_exp></or_exp>
</condition>

<Node id="12" bw="1" op_0_bw="16" op_1_bw="16">
<![CDATA[
:7  %tmp = icmp eq i16 %iter_read, 0

]]></Node>
<StgValue><ssdm name="tmp"/></StgValue>
</operation>

<operation id="52" st_id="1" stage="1" lat="1">
<core>NULL</core>
<MemPortIdVec></MemPortIdVec>
<condition id="-1">
<or_exp><and_exp></and_exp></or_exp>
</condition>

<Node id="13" bw="0" op_0_bw="0">
<![CDATA[
:8  br label %1

]]></Node>
<StgValue><ssdm name=""/></StgValue>
</operation>
</state>

<state id="2" st_id="2">

<operation id="53" st_id="2" stage="1" lat="1">
<core>NULL</core>
<MemPortIdVec></MemPortIdVec>
<condition id="-1">
<or_exp><and_exp></and_exp></or_exp>
</condition>

<Node id="15" bw="14" op_0_bw="14" op_1_bw="0">
<![CDATA[
:0  %j = phi i14 [ 0, %0 ], [ %j_1, %._crit_edge ]

]]></Node>
<StgValue><ssdm name="j"/></StgValue>
</operation>

<operation id="54" st_id="2" stage="1" lat="1">
<core>Cmp</core>
<MemPortIdVec></MemPortIdVec>
<condition id="-1">
<or_exp><and_exp></and_exp></or_exp>
</condition>

<Node id="16" bw="1" op_0_bw="14" op_1_bw="14">
<![CDATA[
:1  %exitcond1 = icmp eq i14 %j, -7383

]]></Node>
<StgValue><ssdm name="exitcond1"/></StgValue>
</operation>

<operation id="55" st_id="2" stage="1" lat="1">
<core>NULL</core>
<MemPortIdVec></MemPortIdVec>
<condition id="-1">
<or_exp><and_exp></and_exp></or_exp>
</condition>

<Node id="17" bw="32" op_0_bw="32" op_1_bw="64" op_2_bw="64" op_3_bw="64">
<![CDATA[
:2  %empty = call i32 (...)* @_ssdm_op_SpecLoopTripCount(i64 9001, i64 9001, i64 9001) nounwind

]]></Node>
<StgValue><ssdm name="empty"/></StgValue>
</operation>

<operation id="56" st_id="2" stage="1" lat="1">
<core>AddSub</core>
<MemPortIdVec></MemPortIdVec>
<condition id="-1">
<or_exp><and_exp></and_exp></or_exp>
</condition>

<Node id="18" bw="14" op_0_bw="14" op_1_bw="14">
<![CDATA[
:3  %j_1 = add i14 %j, 1

]]></Node>
<StgValue><ssdm name="j_1"/></StgValue>
</operation>

<operation id="57" st_id="2" stage="1" lat="1">
<core>NULL</core>
<MemPortIdVec></MemPortIdVec>
<condition id="-1">
<or_exp><and_exp></and_exp></or_exp>
</condition>

<Node id="19" bw="0" op_0_bw="1" op_1_bw="0" op_2_bw="0">
<![CDATA[
:4  br i1 %exitcond1, label %4, label %2

]]></Node>
<StgValue><ssdm name=""/></StgValue>
</operation>

<operation id="58" st_id="2" stage="1" lat="1">
<core>NULL</core>
<MemPortIdVec></MemPortIdVec>
<condition id="-1">
<or_exp><and_exp><literal name="exitcond1" val="0"/>
</and_exp></or_exp>
</condition>

<Node id="21" bw="0" op_0_bw="0" op_1_bw="0">
<![CDATA[
:0  call void (...)* @_ssdm_op_SpecLoopName([6 x i8]* @p_str) nounwind

]]></Node>
<StgValue><ssdm name=""/></StgValue>
</operation>

<operation id="59" st_id="2" stage="1" lat="1">
<core>NULL</core>
<MemPortIdVec></MemPortIdVec>
<condition id="-1">
<or_exp><and_exp><literal name="exitcond1" val="0"/>
</and_exp></or_exp>
</condition>

<Node id="22" bw="0" op_0_bw="1" op_1_bw="0" op_2_bw="0">
<![CDATA[
:1  br i1 %tmp, label %3, label %._crit_edge

]]></Node>
<StgValue><ssdm name=""/></StgValue>
</operation>

<operation id="60" st_id="2" stage="1" lat="1">
<core>NULL</core>
<MemPortIdVec></MemPortIdVec>
<condition id="-1">
<or_exp><and_exp><literal name="exitcond1" val="0"/>
<literal name="tmp" val="1"/>
</and_exp></or_exp>
</condition>

<Node id="24" bw="64" op_0_bw="14">
<![CDATA[
:0  %tmp_5 = zext i14 %j to i64

]]></Node>
<StgValue><ssdm name="tmp_5"/></StgValue>
</operation>

<operation id="61" st_id="2" stage="1" lat="1">
<core>NULL</core>
<MemPortIdVec></MemPortIdVec>
<condition id="-1">
<or_exp><and_exp><literal name="exitcond1" val="0"/>
<literal name="tmp" val="1"/>
</and_exp></or_exp>
</condition>

<Node id="25" bw="14" op_0_bw="16" op_1_bw="64" op_2_bw="64">
<![CDATA[
:1  %coe_addr_1 = getelementptr inbounds [9001 x i16]* %coe, i64 0, i64 %tmp_5

]]></Node>
<StgValue><ssdm name="coe_addr_1"/></StgValue>
</operation>

<operation id="62" st_id="2" stage="1" lat="1">
<core>RAM</core>
<MemPortIdVec>0 </MemPortIdVec>
<condition id="-1">
<or_exp><and_exp><literal name="exitcond1" val="0"/>
<literal name="tmp" val="1"/>
</and_exp></or_exp>
</condition>

<Node id="26" bw="0" op_0_bw="16" op_1_bw="14">
<![CDATA[
:2  store i16 0, i16* %coe_addr_1, align 2

]]></Node>
<StgValue><ssdm name=""/></StgValue>
</operation>

<operation id="63" st_id="2" stage="1" lat="1">
<core>NULL</core>
<MemPortIdVec></MemPortIdVec>
<condition id="-1">
<or_exp><and_exp><literal name="exitcond1" val="0"/>
<literal name="tmp" val="1"/>
</and_exp></or_exp>
</condition>

<Node id="27" bw="0" op_0_bw="0">
<![CDATA[
:3  br label %._crit_edge

]]></Node>
<StgValue><ssdm name=""/></StgValue>
</operation>

<operation id="64" st_id="2" stage="1" lat="1">
<core>NULL</core>
<MemPortIdVec></MemPortIdVec>
<condition id="-1">
<or_exp><and_exp><literal name="exitcond1" val="0"/>
</and_exp></or_exp>
</condition>

<Node id="29" bw="0" op_0_bw="0">
<![CDATA[
._crit_edge:0  br label %1

]]></Node>
<StgValue><ssdm name=""/></StgValue>
</operation>

<operation id="65" st_id="2" stage="2" lat="2">
<core>RAM</core>
<MemPortIdVec>0 </MemPortIdVec>
<condition id="-1">
<or_exp><and_exp><literal name="exitcond1" val="1"/>
</and_exp></or_exp>
</condition>

<Node id="31" bw="16" op_0_bw="16">
<![CDATA[
:0  %data_reg_load = load i16* getelementptr inbounds ([9000 x i16]* @data_reg, i64 0, i64 8999), align 2

]]></Node>
<StgValue><ssdm name="data_reg_load"/></StgValue>
</operation>

<operation id="66" st_id="2" stage="1" lat="1">
<core>NULL</core>
<MemPortIdVec></MemPortIdVec>
<condition id="-1">
<or_exp><and_exp><literal name="exitcond1" val="1"/>
</and_exp></or_exp>
</condition>

<Node id="33" bw="14" op_0_bw="16" op_1_bw="64" op_2_bw="64">
<![CDATA[
:2  %coe_addr = getelementptr inbounds [9001 x i16]* %coe, i64 0, i64 9000

]]></Node>
<StgValue><ssdm name="coe_addr"/></StgValue>
</operation>

<operation id="67" st_id="2" stage="2" lat="2">
<core>RAM</core>
<MemPortIdVec>0 </MemPortIdVec>
<condition id="-1">
<or_exp><and_exp><literal name="exitcond1" val="1"/>
</and_exp></or_exp>
</condition>

<Node id="34" bw="16" op_0_bw="14">
<![CDATA[
:3  %coe_load = load i16* %coe_addr, align 16

]]></Node>
<StgValue><ssdm name="coe_load"/></StgValue>
</operation>
</state>

<state id="3" st_id="3">

<operation id="68" st_id="3" stage="1" lat="2">
<core>RAM</core>
<MemPortIdVec>0 </MemPortIdVec>
<condition id="-1">
<or_exp><and_exp></and_exp></or_exp>
</condition>

<Node id="31" bw="16" op_0_bw="16">
<![CDATA[
:0  %data_reg_load = load i16* getelementptr inbounds ([9000 x i16]* @data_reg, i64 0, i64 8999), align 2

]]></Node>
<StgValue><ssdm name="data_reg_load"/></StgValue>
</operation>

<operation id="69" st_id="3" stage="1" lat="2">
<core>RAM</core>
<MemPortIdVec>0 </MemPortIdVec>
<condition id="-1">
<or_exp><and_exp></and_exp></or_exp>
</condition>

<Node id="34" bw="16" op_0_bw="14">
<![CDATA[
:3  %coe_load = load i16* %coe_addr, align 16

]]></Node>
<StgValue><ssdm name="coe_load"/></StgValue>
</operation>
</state>

<state id="4" st_id="4">

<operation id="70" st_id="4" stage="1" lat="1">
<core>NULL</core>
<MemPortIdVec></MemPortIdVec>
<condition id="-1">
<or_exp><and_exp></and_exp></or_exp>
</condition>

<Node id="32" bw="32" op_0_bw="16">
<![CDATA[
:1  %tmp_1_cast = sext i16 %data_reg_load to i32

]]></Node>
<StgValue><ssdm name="tmp_1_cast"/></StgValue>
</operation>

<operation id="71" st_id="4" stage="1" lat="1">
<core>NULL</core>
<MemPortIdVec></MemPortIdVec>
<condition id="-1">
<or_exp><and_exp></and_exp></or_exp>
</condition>

<Node id="35" bw="32" op_0_bw="16">
<![CDATA[
:4  %tmp_2_cast = sext i16 %coe_load to i32

]]></Node>
<StgValue><ssdm name="tmp_2_cast"/></StgValue>
</operation>

<operation id="72" st_id="4" stage="1" lat="1">
<core>DSP48</core>
<MemPortIdVec></MemPortIdVec>
<condition id="-1">
<or_exp><and_exp></and_exp></or_exp>
</condition>

<Node id="36" bw="32" op_0_bw="32" op_1_bw="32">
<![CDATA[
:5  %out = mul i32 %tmp_2_cast, %tmp_1_cast

]]></Node>
<StgValue><ssdm name="out"/></StgValue>
</operation>
</state>

<state id="5" st_id="5">

<operation id="73" st_id="5" stage="1" lat="1">
<core>NULL</core>
<MemPortIdVec></MemPortIdVec>
<condition id="-1">
<or_exp><and_exp></and_exp></or_exp>
</condition>

<Node id="37" bw="38" op_0_bw="32">
<![CDATA[
:6  %out_cast = sext i32 %out to i38

]]></Node>
<StgValue><ssdm name="out_cast"/></StgValue>
</operation>

<operation id="74" st_id="5" stage="1" lat="1">
<core>NULL</core>
<MemPortIdVec></MemPortIdVec>
<condition id="-1">
<or_exp><and_exp></and_exp></or_exp>
</condition>

<Node id="38" bw="0" op_0_bw="0">
<![CDATA[
:7  br label %5

]]></Node>
<StgValue><ssdm name=""/></StgValue>
</operation>
</state>

<state id="6" st_id="6">

<operation id="75" st_id="6" stage="1" lat="1">
<core>NULL</core>
<MemPortIdVec></MemPortIdVec>
<condition id="-1">
<or_exp><and_exp></and_exp></or_exp>
</condition>

<Node id="40" bw="38" op_0_bw="38" op_1_bw="0">
<![CDATA[
:0  %out1 = phi i38 [ %out_cast, %4 ], [ %out_2, %6 ]

]]></Node>
<StgValue><ssdm name="out1"/></StgValue>
</operation>

<operation id="76" st_id="6" stage="1" lat="1">
<core>NULL</core>
<MemPortIdVec></MemPortIdVec>
<condition id="-1">
<or_exp><and_exp></and_exp></or_exp>
</condition>

<Node id="41" bw="14" op_0_bw="14" op_1_bw="0">
<![CDATA[
:1  %i = phi i14 [ -7385, %4 ], [ %i_1, %6 ]

]]></Node>
<StgValue><ssdm name="i"/></StgValue>
</operation>

<operation id="77" st_id="6" stage="1" lat="1">
<core>Cmp</core>
<MemPortIdVec></MemPortIdVec>
<condition id="-1">
<or_exp><and_exp></and_exp></or_exp>
</condition>

<Node id="42" bw="1" op_0_bw="14" op_1_bw="14">
<![CDATA[
:2  %tmp_4 = icmp eq i14 %i, 0

]]></Node>
<StgValue><ssdm name="tmp_4"/></StgValue>
</operation>

<operation id="78" st_id="6" stage="1" lat="1">
<core>NULL</core>
<MemPortIdVec></MemPortIdVec>
<condition id="-1">
<or_exp><and_exp></and_exp></or_exp>
</condition>

<Node id="43" bw="32" op_0_bw="32" op_1_bw="64" op_2_bw="64" op_3_bw="64">
<![CDATA[
:3  %empty_11 = call i32 (...)* @_ssdm_op_SpecLoopTripCount(i64 8999, i64 8999, i64 8999) nounwind

]]></Node>
<StgValue><ssdm name="empty_11"/></StgValue>
</operation>

<operation id="79" st_id="6" stage="1" lat="1">
<core>NULL</core>
<MemPortIdVec></MemPortIdVec>
<condition id="-1">
<or_exp><and_exp></and_exp></or_exp>
</condition>

<Node id="44" bw="0" op_0_bw="1" op_1_bw="0" op_2_bw="0">
<![CDATA[
:4  br i1 %tmp_4, label %7, label %6

]]></Node>
<StgValue><ssdm name=""/></StgValue>
</operation>

<operation id="80" st_id="6" stage="1" lat="1">
<core>AddSub</core>
<MemPortIdVec></MemPortIdVec>
<condition id="-1">
<or_exp><and_exp><literal name="tmp_4" val="0"/>
</and_exp></or_exp>
</condition>

<Node id="47" bw="14" op_0_bw="14" op_1_bw="14">
<![CDATA[
:1  %i_1 = add i14 %i, -1

]]></Node>
<StgValue><ssdm name="i_1"/></StgValue>
</operation>

<operation id="81" st_id="6" stage="1" lat="1">
<core>NULL</core>
<MemPortIdVec></MemPortIdVec>
<condition id="-1">
<or_exp><and_exp><literal name="tmp_4" val="0"/>
</and_exp></or_exp>
</condition>

<Node id="48" bw="64" op_0_bw="14">
<![CDATA[
:2  %tmp_s = zext i14 %i_1 to i64

]]></Node>
<StgValue><ssdm name="tmp_s"/></StgValue>
</operation>

<operation id="82" st_id="6" stage="1" lat="1">
<core>NULL</core>
<MemPortIdVec></MemPortIdVec>
<condition id="-1">
<or_exp><and_exp><literal name="tmp_4" val="0"/>
</and_exp></or_exp>
</condition>

<Node id="49" bw="14" op_0_bw="16" op_1_bw="64" op_2_bw="64">
<![CDATA[
:3  %data_reg_addr = getelementptr inbounds [9000 x i16]* @data_reg, i64 0, i64 %tmp_s

]]></Node>
<StgValue><ssdm name="data_reg_addr"/></StgValue>
</operation>

<operation id="83" st_id="6" stage="2" lat="2">
<core>RAM</core>
<MemPortIdVec>0 </MemPortIdVec>
<condition id="-1">
<or_exp><and_exp><literal name="tmp_4" val="0"/>
</and_exp></or_exp>
</condition>

<Node id="50" bw="16" op_0_bw="14">
<![CDATA[
:4  %data_reg_load_1 = load i16* %data_reg_addr, align 2

]]></Node>
<StgValue><ssdm name="data_reg_load_1"/></StgValue>
</operation>

<operation id="84" st_id="6" stage="1" lat="1">
<core>NULL</core>
<MemPortIdVec></MemPortIdVec>
<condition id="-1">
<or_exp><and_exp><literal name="tmp_4" val="0"/>
</and_exp></or_exp>
</condition>

<Node id="52" bw="64" op_0_bw="14">
<![CDATA[
:6  %tmp_2 = zext i14 %i to i64

]]></Node>
<StgValue><ssdm name="tmp_2"/></StgValue>
</operation>

<operation id="85" st_id="6" stage="1" lat="1">
<core>NULL</core>
<MemPortIdVec></MemPortIdVec>
<condition id="-1">
<or_exp><and_exp><literal name="tmp_4" val="0"/>
</and_exp></or_exp>
</condition>

<Node id="53" bw="14" op_0_bw="16" op_1_bw="64" op_2_bw="64">
<![CDATA[
:7  %coe_addr_3 = getelementptr inbounds [9001 x i16]* %coe, i64 0, i64 %tmp_2

]]></Node>
<StgValue><ssdm name="coe_addr_3"/></StgValue>
</operation>

<operation id="86" st_id="6" stage="2" lat="2">
<core>RAM</core>
<MemPortIdVec>0 </MemPortIdVec>
<condition id="-1">
<or_exp><and_exp><literal name="tmp_4" val="0"/>
</and_exp></or_exp>
</condition>

<Node id="54" bw="16" op_0_bw="14">
<![CDATA[
:8  %coe_load_2 = load i16* %coe_addr_3, align 2

]]></Node>
<StgValue><ssdm name="coe_load_2"/></StgValue>
</operation>

<operation id="87" st_id="6" stage="1" lat="1">
<core>NULL</core>
<MemPortIdVec></MemPortIdVec>
<condition id="-1">
<or_exp><and_exp><literal name="tmp_4" val="1"/>
</and_exp></or_exp>
</condition>

<Node id="65" bw="14" op_0_bw="16" op_1_bw="64" op_2_bw="64">
<![CDATA[
:2  %coe_addr_2 = getelementptr inbounds [9001 x i16]* %coe, i64 0, i64 0

]]></Node>
<StgValue><ssdm name="coe_addr_2"/></StgValue>
</operation>

<operation id="88" st_id="6" stage="2" lat="2">
<core>RAM</core>
<MemPortIdVec>0 </MemPortIdVec>
<condition id="-1">
<or_exp><and_exp><literal name="tmp_4" val="1"/>
</and_exp></or_exp>
</condition>

<Node id="66" bw="16" op_0_bw="14">
<![CDATA[
:3  %coe_load_1 = load i16* %coe_addr_2, align 16

]]></Node>
<StgValue><ssdm name="coe_load_1"/></StgValue>
</operation>
</state>

<state id="7" st_id="7">

<operation id="89" st_id="7" stage="1" lat="2">
<core>RAM</core>
<MemPortIdVec>0 </MemPortIdVec>
<condition id="-1">
<or_exp><and_exp></and_exp></or_exp>
</condition>

<Node id="50" bw="16" op_0_bw="14">
<![CDATA[
:4  %data_reg_load_1 = load i16* %data_reg_addr, align 2

]]></Node>
<StgValue><ssdm name="data_reg_load_1"/></StgValue>
</operation>

<operation id="90" st_id="7" stage="1" lat="2">
<core>RAM</core>
<MemPortIdVec>0 </MemPortIdVec>
<condition id="-1">
<or_exp><and_exp></and_exp></or_exp>
</condition>

<Node id="54" bw="16" op_0_bw="14">
<![CDATA[
:8  %coe_load_2 = load i16* %coe_addr_3, align 2

]]></Node>
<StgValue><ssdm name="coe_load_2"/></StgValue>
</operation>

<operation id="91" st_id="7" stage="1" lat="1">
<core>NULL</core>
<MemPortIdVec></MemPortIdVec>
<condition id="-1">
<or_exp><and_exp></and_exp></or_exp>
</condition>

<Node id="59" bw="14" op_0_bw="16" op_1_bw="64" op_2_bw="64">
<![CDATA[
:13  %data_reg_addr_1 = getelementptr inbounds [9000 x i16]* @data_reg, i64 0, i64 %tmp_2

]]></Node>
<StgValue><ssdm name="data_reg_addr_1"/></StgValue>
</operation>

<operation id="92" st_id="7" stage="1" lat="1">
<core>RAM</core>
<MemPortIdVec>0 </MemPortIdVec>
<condition id="-1">
<or_exp><and_exp></and_exp></or_exp>
</condition>

<Node id="60" bw="0" op_0_bw="16" op_1_bw="14">
<![CDATA[
:14  store i16 %data_reg_load_1, i16* %data_reg_addr_1, align 2

]]></Node>
<StgValue><ssdm name=""/></StgValue>
</operation>
</state>

<state id="8" st_id="8">

<operation id="93" st_id="8" stage="1" lat="1">
<core>NULL</core>
<MemPortIdVec></MemPortIdVec>
<condition id="-1">
<or_exp><and_exp></and_exp></or_exp>
</condition>

<Node id="46" bw="0" op_0_bw="0" op_1_bw="0">
<![CDATA[
:0  call void (...)* @_ssdm_op_SpecLoopName([6 x i8]* @p_str1) nounwind

]]></Node>
<StgValue><ssdm name=""/></StgValue>
</operation>

<operation id="94" st_id="8" stage="1" lat="1">
<core>NULL</core>
<MemPortIdVec></MemPortIdVec>
<condition id="-1">
<or_exp><and_exp></and_exp></or_exp>
</condition>

<Node id="51" bw="32" op_0_bw="16">
<![CDATA[
:5  %tmp_15_cast = sext i16 %data_reg_load_1 to i32

]]></Node>
<StgValue><ssdm name="tmp_15_cast"/></StgValue>
</operation>

<operation id="95" st_id="8" stage="1" lat="1">
<core>NULL</core>
<MemPortIdVec></MemPortIdVec>
<condition id="-1">
<or_exp><and_exp></and_exp></or_exp>
</condition>

<Node id="55" bw="32" op_0_bw="16">
<![CDATA[
:9  %tmp_17_cast = sext i16 %coe_load_2 to i32

]]></Node>
<StgValue><ssdm name="tmp_17_cast"/></StgValue>
</operation>

<operation id="96" st_id="8" stage="1" lat="1">
<core>DSP48</core>
<MemPortIdVec></MemPortIdVec>
<condition id="-1">
<or_exp><and_exp></and_exp></or_exp>
</condition>

<Node id="56" bw="32" op_0_bw="32" op_1_bw="32">
<![CDATA[
:10  %tmp_10 = mul i32 %tmp_15_cast, %tmp_17_cast

]]></Node>
<StgValue><ssdm name="tmp_10"/></StgValue>
</operation>

<operation id="97" st_id="8" stage="1" lat="1">
<core>NULL</core>
<MemPortIdVec></MemPortIdVec>
<condition id="-1">
<or_exp><and_exp></and_exp></or_exp>
</condition>

<Node id="57" bw="38" op_0_bw="32">
<![CDATA[
:11  %tmp_18_cast = sext i32 %tmp_10 to i38

]]></Node>
<StgValue><ssdm name="tmp_18_cast"/></StgValue>
</operation>

<operation id="98" st_id="8" stage="1" lat="1">
<core>DSP48</core>
<MemPortIdVec></MemPortIdVec>
<condition id="-1">
<or_exp><and_exp></and_exp></or_exp>
</condition>

<Node id="58" bw="38" op_0_bw="38" op_1_bw="38">
<![CDATA[
:12  %out_2 = add nsw i38 %tmp_18_cast, %out1

]]></Node>
<StgValue><ssdm name="out_2"/></StgValue>
</operation>

<operation id="99" st_id="8" stage="1" lat="1">
<core>NULL</core>
<MemPortIdVec></MemPortIdVec>
<condition id="-1">
<or_exp><and_exp></and_exp></or_exp>
</condition>

<Node id="61" bw="0" op_0_bw="0">
<![CDATA[
:15  br label %5

]]></Node>
<StgValue><ssdm name=""/></StgValue>
</operation>
</state>

<state id="9" st_id="9">

<operation id="100" st_id="9" stage="1" lat="2">
<core>RAM</core>
<MemPortIdVec>0 </MemPortIdVec>
<condition id="-1">
<or_exp><and_exp></and_exp></or_exp>
</condition>

<Node id="66" bw="16" op_0_bw="14">
<![CDATA[
:3  %coe_load_1 = load i16* %coe_addr_2, align 16

]]></Node>
<StgValue><ssdm name="coe_load_1"/></StgValue>
</operation>
</state>

<state id="10" st_id="10">

<operation id="101" st_id="10" stage="1" lat="1">
<core>NULL</core>
<MemPortIdVec></MemPortIdVec>
<condition id="-1">
<or_exp><and_exp></and_exp></or_exp>
</condition>

<Node id="63" bw="31" op_0_bw="38">
<![CDATA[
:0  %tmp_15 = trunc i38 %out1 to i31

]]></Node>
<StgValue><ssdm name="tmp_15"/></StgValue>
</operation>

<operation id="102" st_id="10" stage="1" lat="1">
<core>NULL</core>
<MemPortIdVec></MemPortIdVec>
<condition id="-1">
<or_exp><and_exp></and_exp></or_exp>
</condition>

<Node id="64" bw="31" op_0_bw="16">
<![CDATA[
:1  %tmp_7_cast = sext i16 %x_read to i31

]]></Node>
<StgValue><ssdm name="tmp_7_cast"/></StgValue>
</operation>

<operation id="103" st_id="10" stage="1" lat="1">
<core>NULL</core>
<MemPortIdVec></MemPortIdVec>
<condition id="-1">
<or_exp><and_exp></and_exp></or_exp>
</condition>

<Node id="67" bw="31" op_0_bw="16">
<![CDATA[
:4  %tmp_8_cast = sext i16 %coe_load_1 to i31

]]></Node>
<StgValue><ssdm name="tmp_8_cast"/></StgValue>
</operation>

<operation id="104" st_id="10" stage="1" lat="1">
<core>DSP48</core>
<MemPortIdVec></MemPortIdVec>
<condition id="-1">
<or_exp><and_exp></and_exp></or_exp>
</condition>

<Node id="68" bw="31" op_0_bw="31" op_1_bw="31">
<![CDATA[
:5  %tmp_9 = mul i31 %tmp_8_cast, %tmp_7_cast

]]></Node>
<StgValue><ssdm name="tmp_9"/></StgValue>
</operation>

<operation id="105" st_id="10" stage="1" lat="1">
<core>DSP48</core>
<MemPortIdVec></MemPortIdVec>
<condition id="-1">
<or_exp><and_exp></and_exp></or_exp>
</condition>

<Node id="69" bw="31" op_0_bw="31" op_1_bw="31">
<![CDATA[
:6  %out_1 = add i31 %tmp_9, %tmp_15

]]></Node>
<StgValue><ssdm name="out_1"/></StgValue>
</operation>

<operation id="106" st_id="10" stage="1" lat="1">
<core>RAM</core>
<MemPortIdVec>0 </MemPortIdVec>
<condition id="-1">
<or_exp><and_exp></and_exp></or_exp>
</condition>

<Node id="70" bw="0" op_0_bw="16" op_1_bw="16">
<![CDATA[
:7  store i16 %x_read, i16* getelementptr inbounds ([9000 x i16]* @data_reg, i64 0, i64 0), align 16

]]></Node>
<StgValue><ssdm name=""/></StgValue>
</operation>

<operation id="107" st_id="10" stage="1" lat="1">
<core>NULL</core>
<MemPortIdVec></MemPortIdVec>
<condition id="-1">
<or_exp><and_exp></and_exp></or_exp>
</condition>

<Node id="71" bw="16" op_0_bw="16" op_1_bw="31" op_2_bw="32" op_3_bw="32">
<![CDATA[
:8  %tmp_3 = call i16 @_ssdm_op_PartSelect.i16.i31.i32.i32(i31 %out_1, i32 15, i32 30)

]]></Node>
<StgValue><ssdm name="tmp_3"/></StgValue>
</operation>

<operation id="108" st_id="10" stage="1" lat="1">
<core>NULL</core>
<MemPortIdVec></MemPortIdVec>
<condition id="-1">
<or_exp><and_exp></and_exp></or_exp>
</condition>

<Node id="72" bw="0" op_0_bw="0" op_1_bw="16" op_2_bw="16">
<![CDATA[
:9  call void @_ssdm_op_Write.ap_auto.i16P(i16* %y, i16 %tmp_3) nounwind

]]></Node>
<StgValue><ssdm name=""/></StgValue>
</operation>

<operation id="109" st_id="10" stage="1" lat="1">
<core>NULL</core>
<MemPortIdVec></MemPortIdVec>
<condition id="-1">
<or_exp><and_exp></and_exp></or_exp>
</condition>

<Node id="73" bw="17" op_0_bw="16">
<![CDATA[
:10  %tmp_6_cast = sext i16 %x_read to i17

]]></Node>
<StgValue><ssdm name="tmp_6_cast"/></StgValue>
</operation>

<operation id="110" st_id="10" stage="1" lat="1">
<core>NULL</core>
<MemPortIdVec></MemPortIdVec>
<condition id="-1">
<or_exp><and_exp></and_exp></or_exp>
</condition>

<Node id="74" bw="17" op_0_bw="16">
<![CDATA[
:11  %tmp_10_cast = sext i16 %tmp_3 to i17

]]></Node>
<StgValue><ssdm name="tmp_10_cast"/></StgValue>
</operation>

<operation id="111" st_id="10" stage="1" lat="1">
<core>AddSub</core>
<MemPortIdVec></MemPortIdVec>
<condition id="-1">
<or_exp><and_exp></and_exp></or_exp>
</condition>

<Node id="75" bw="17" op_0_bw="17" op_1_bw="17">
<![CDATA[
:12  %sum = add i17 %tmp_10_cast, %tmp_6_cast

]]></Node>
<StgValue><ssdm name="sum"/></StgValue>
</operation>

<operation id="112" st_id="10" stage="1" lat="1">
<core>NULL</core>
<MemPortIdVec></MemPortIdVec>
<condition id="-1">
<or_exp><and_exp></and_exp></or_exp>
</condition>

<Node id="76" bw="18" op_0_bw="17">
<![CDATA[
:13  %sum_cast = sext i17 %sum to i18

]]></Node>
<StgValue><ssdm name="sum_cast"/></StgValue>
</operation>

<operation id="113" st_id="10" stage="1" lat="1">
<core>AddSub</core>
<MemPortIdVec></MemPortIdVec>
<condition id="-1">
<or_exp><and_exp></and_exp></or_exp>
</condition>

<Node id="77" bw="18" op_0_bw="18" op_1_bw="18">
<![CDATA[
:14  %tmp_1 = sub i18 0, %sum_cast

]]></Node>
<StgValue><ssdm name="tmp_1"/></StgValue>
</operation>

<operation id="114" st_id="10" stage="1" lat="1">
<core>NULL</core>
<MemPortIdVec></MemPortIdVec>
<condition id="-1">
<or_exp><and_exp></and_exp></or_exp>
</condition>

<Node id="78" bw="8" op_0_bw="8" op_1_bw="18" op_2_bw="32" op_3_bw="32">
<![CDATA[
:15  %tmp_6 = call i8 @_ssdm_op_PartSelect.i8.i18.i32.i32(i18 %tmp_1, i32 10, i32 17)

]]></Node>
<StgValue><ssdm name="tmp_6"/></StgValue>
</operation>
</state>

<state id="11" st_id="11">

<operation id="115" st_id="11" stage="1" lat="1">
<core>NULL</core>
<MemPortIdVec></MemPortIdVec>
<condition id="-1">
<or_exp><and_exp></and_exp></or_exp>
</condition>

<Node id="79" bw="32" op_0_bw="8">
<![CDATA[
:16  %tmp_18 = sext i8 %tmp_6 to i32

]]></Node>
<StgValue><ssdm name="tmp_18"/></StgValue>
</operation>

<operation id="116" st_id="11" stage="6" lat="6">
<core>Int2Double</core>
<MemPortIdVec></MemPortIdVec>
<condition id="-1">
<or_exp><and_exp></and_exp></or_exp>
</condition>

<Node id="80" bw="64" op_0_bw="32">
<![CDATA[
:17  %tmp_7 = sitofp i32 %tmp_18 to double

]]></Node>
<StgValue><ssdm name="tmp_7"/></StgValue>
</operation>
</state>

<state id="12" st_id="12">

<operation id="117" st_id="12" stage="5" lat="6">
<core>Int2Double</core>
<MemPortIdVec></MemPortIdVec>
<condition id="-1">
<or_exp><and_exp></and_exp></or_exp>
</condition>

<Node id="80" bw="64" op_0_bw="32">
<![CDATA[
:17  %tmp_7 = sitofp i32 %tmp_18 to double

]]></Node>
<StgValue><ssdm name="tmp_7"/></StgValue>
</operation>
</state>

<state id="13" st_id="13">

<operation id="118" st_id="13" stage="4" lat="6">
<core>Int2Double</core>
<MemPortIdVec></MemPortIdVec>
<condition id="-1">
<or_exp><and_exp></and_exp></or_exp>
</condition>

<Node id="80" bw="64" op_0_bw="32">
<![CDATA[
:17  %tmp_7 = sitofp i32 %tmp_18 to double

]]></Node>
<StgValue><ssdm name="tmp_7"/></StgValue>
</operation>
</state>

<state id="14" st_id="14">

<operation id="119" st_id="14" stage="3" lat="6">
<core>Int2Double</core>
<MemPortIdVec></MemPortIdVec>
<condition id="-1">
<or_exp><and_exp></and_exp></or_exp>
</condition>

<Node id="80" bw="64" op_0_bw="32">
<![CDATA[
:17  %tmp_7 = sitofp i32 %tmp_18 to double

]]></Node>
<StgValue><ssdm name="tmp_7"/></StgValue>
</operation>
</state>

<state id="15" st_id="15">

<operation id="120" st_id="15" stage="2" lat="6">
<core>Int2Double</core>
<MemPortIdVec></MemPortIdVec>
<condition id="-1">
<or_exp><and_exp></and_exp></or_exp>
</condition>

<Node id="80" bw="64" op_0_bw="32">
<![CDATA[
:17  %tmp_7 = sitofp i32 %tmp_18 to double

]]></Node>
<StgValue><ssdm name="tmp_7"/></StgValue>
</operation>
</state>

<state id="16" st_id="16">

<operation id="121" st_id="16" stage="1" lat="6">
<core>Int2Double</core>
<MemPortIdVec></MemPortIdVec>
<condition id="-1">
<or_exp><and_exp></and_exp></or_exp>
</condition>

<Node id="80" bw="64" op_0_bw="32">
<![CDATA[
:17  %tmp_7 = sitofp i32 %tmp_18 to double

]]></Node>
<StgValue><ssdm name="tmp_7"/></StgValue>
</operation>
</state>

<state id="17" st_id="17">

<operation id="122" st_id="17" stage="6" lat="6">
<core>DMul</core>
<MemPortIdVec></MemPortIdVec>
<condition id="-1">
<or_exp><and_exp></and_exp></or_exp>
</condition>

<Node id="81" bw="64" op_0_bw="64" op_1_bw="64">
<![CDATA[
:18  %tmp_8 = fmul double %tmp_7, 5.000000e-03

]]></Node>
<StgValue><ssdm name="tmp_8"/></StgValue>
</operation>
</state>

<state id="18" st_id="18">

<operation id="123" st_id="18" stage="5" lat="6">
<core>DMul</core>
<MemPortIdVec></MemPortIdVec>
<condition id="-1">
<or_exp><and_exp></and_exp></or_exp>
</condition>

<Node id="81" bw="64" op_0_bw="64" op_1_bw="64">
<![CDATA[
:18  %tmp_8 = fmul double %tmp_7, 5.000000e-03

]]></Node>
<StgValue><ssdm name="tmp_8"/></StgValue>
</operation>
</state>

<state id="19" st_id="19">

<operation id="124" st_id="19" stage="4" lat="6">
<core>DMul</core>
<MemPortIdVec></MemPortIdVec>
<condition id="-1">
<or_exp><and_exp></and_exp></or_exp>
</condition>

<Node id="81" bw="64" op_0_bw="64" op_1_bw="64">
<![CDATA[
:18  %tmp_8 = fmul double %tmp_7, 5.000000e-03

]]></Node>
<StgValue><ssdm name="tmp_8"/></StgValue>
</operation>
</state>

<state id="20" st_id="20">

<operation id="125" st_id="20" stage="3" lat="6">
<core>DMul</core>
<MemPortIdVec></MemPortIdVec>
<condition id="-1">
<or_exp><and_exp></and_exp></or_exp>
</condition>

<Node id="81" bw="64" op_0_bw="64" op_1_bw="64">
<![CDATA[
:18  %tmp_8 = fmul double %tmp_7, 5.000000e-03

]]></Node>
<StgValue><ssdm name="tmp_8"/></StgValue>
</operation>
</state>

<state id="21" st_id="21">

<operation id="126" st_id="21" stage="2" lat="6">
<core>DMul</core>
<MemPortIdVec></MemPortIdVec>
<condition id="-1">
<or_exp><and_exp></and_exp></or_exp>
</condition>

<Node id="81" bw="64" op_0_bw="64" op_1_bw="64">
<![CDATA[
:18  %tmp_8 = fmul double %tmp_7, 5.000000e-03

]]></Node>
<StgValue><ssdm name="tmp_8"/></StgValue>
</operation>
</state>

<state id="22" st_id="22">

<operation id="127" st_id="22" stage="1" lat="6">
<core>DMul</core>
<MemPortIdVec></MemPortIdVec>
<condition id="-1">
<or_exp><and_exp></and_exp></or_exp>
</condition>

<Node id="81" bw="64" op_0_bw="64" op_1_bw="64">
<![CDATA[
:18  %tmp_8 = fmul double %tmp_7, 5.000000e-03

]]></Node>
<StgValue><ssdm name="tmp_8"/></StgValue>
</operation>

<operation id="128" st_id="22" stage="1" lat="1">
<core>NULL</core>
<MemPortIdVec></MemPortIdVec>
<condition id="-1">
<or_exp><and_exp></and_exp></or_exp>
</condition>

<Node id="82" bw="0" op_0_bw="0">
<![CDATA[
:19  br label %8

]]></Node>
<StgValue><ssdm name=""/></StgValue>
</operation>
</state>

<state id="23" st_id="23">

<operation id="129" st_id="23" stage="1" lat="1">
<core>NULL</core>
<MemPortIdVec></MemPortIdVec>
<condition id="-1">
<or_exp><and_exp></and_exp></or_exp>
</condition>

<Node id="84" bw="14" op_0_bw="14" op_1_bw="0">
<![CDATA[
:0  %k = phi i14 [ 0, %7 ], [ %k_1, %9 ]

]]></Node>
<StgValue><ssdm name="k"/></StgValue>
</operation>

<operation id="130" st_id="23" stage="1" lat="1">
<core>Cmp</core>
<MemPortIdVec></MemPortIdVec>
<condition id="-1">
<or_exp><and_exp></and_exp></or_exp>
</condition>

<Node id="85" bw="1" op_0_bw="14" op_1_bw="14">
<![CDATA[
:1  %exitcond = icmp eq i14 %k, -7383

]]></Node>
<StgValue><ssdm name="exitcond"/></StgValue>
</operation>

<operation id="131" st_id="23" stage="1" lat="1">
<core>NULL</core>
<MemPortIdVec></MemPortIdVec>
<condition id="-1">
<or_exp><and_exp></and_exp></or_exp>
</condition>

<Node id="86" bw="32" op_0_bw="32" op_1_bw="64" op_2_bw="64" op_3_bw="64">
<![CDATA[
:2  %empty_12 = call i32 (...)* @_ssdm_op_SpecLoopTripCount(i64 9001, i64 9001, i64 9001) nounwind

]]></Node>
<StgValue><ssdm name="empty_12"/></StgValue>
</operation>

<operation id="132" st_id="23" stage="1" lat="1">
<core>AddSub</core>
<MemPortIdVec></MemPortIdVec>
<condition id="-1">
<or_exp><and_exp></and_exp></or_exp>
</condition>

<Node id="87" bw="14" op_0_bw="14" op_1_bw="14">
<![CDATA[
:3  %k_1 = add i14 %k, 1

]]></Node>
<StgValue><ssdm name="k_1"/></StgValue>
</operation>

<operation id="133" st_id="23" stage="1" lat="1">
<core>NULL</core>
<MemPortIdVec></MemPortIdVec>
<condition id="-1">
<or_exp><and_exp></and_exp></or_exp>
</condition>

<Node id="88" bw="0" op_0_bw="1" op_1_bw="0" op_2_bw="0">
<![CDATA[
:4  br i1 %exitcond, label %10, label %9

]]></Node>
<StgValue><ssdm name=""/></StgValue>
</operation>

<operation id="134" st_id="23" stage="1" lat="1">
<core>NULL</core>
<MemPortIdVec></MemPortIdVec>
<condition id="-1">
<or_exp><and_exp><literal name="exitcond" val="0"/>
</and_exp></or_exp>
</condition>

<Node id="91" bw="64" op_0_bw="14">
<![CDATA[
:1  %tmp_11 = zext i14 %k to i64

]]></Node>
<StgValue><ssdm name="tmp_11"/></StgValue>
</operation>

<operation id="135" st_id="23" stage="1" lat="1">
<core>NULL</core>
<MemPortIdVec></MemPortIdVec>
<condition id="-1">
<or_exp><and_exp><literal name="exitcond" val="0"/>
</and_exp></or_exp>
</condition>

<Node id="92" bw="14" op_0_bw="16" op_1_bw="64" op_2_bw="64">
<![CDATA[
:2  %coe_addr_4 = getelementptr inbounds [9001 x i16]* %coe, i64 0, i64 %tmp_11

]]></Node>
<StgValue><ssdm name="coe_addr_4"/></StgValue>
</operation>

<operation id="136" st_id="23" stage="1" lat="1">
<core>NULL</core>
<MemPortIdVec></MemPortIdVec>
<condition id="-1">
<or_exp><and_exp><literal name="exitcond" val="0"/>
</and_exp></or_exp>
</condition>

<Node id="96" bw="14" op_0_bw="16" op_1_bw="64" op_2_bw="64">
<![CDATA[
:6  %data_reg_addr_2 = getelementptr inbounds [9000 x i16]* @data_reg, i64 0, i64 %tmp_11

]]></Node>
<StgValue><ssdm name="data_reg_addr_2"/></StgValue>
</operation>

<operation id="137" st_id="23" stage="2" lat="2">
<core>RAM</core>
<MemPortIdVec>0 </MemPortIdVec>
<condition id="-1">
<or_exp><and_exp><literal name="exitcond" val="0"/>
</and_exp></or_exp>
</condition>

<Node id="97" bw="16" op_0_bw="14">
<![CDATA[
:7  %data_reg_load_2 = load i16* %data_reg_addr_2, align 2

]]></Node>
<StgValue><ssdm name="data_reg_load_2"/></StgValue>
</operation>

<operation id="138" st_id="23" stage="1" lat="1">
<core>NULL</core>
<MemPortIdVec></MemPortIdVec>
<condition id="-1">
<or_exp><and_exp><literal name="exitcond" val="1"/>
</and_exp></or_exp>
</condition>

<Node id="128" bw="0">
<![CDATA[
:0  ret void

]]></Node>
<StgValue><ssdm name=""/></StgValue>
</operation>
</state>

<state id="24" st_id="24">

<operation id="139" st_id="24" stage="1" lat="2">
<core>RAM</core>
<MemPortIdVec>0 </MemPortIdVec>
<condition id="-1">
<or_exp><and_exp></and_exp></or_exp>
</condition>

<Node id="97" bw="16" op_0_bw="14">
<![CDATA[
:7  %data_reg_load_2 = load i16* %data_reg_addr_2, align 2

]]></Node>
<StgValue><ssdm name="data_reg_load_2"/></StgValue>
</operation>
</state>

<state id="25" st_id="25">

<operation id="140" st_id="25" stage="1" lat="1">
<core>NULL</core>
<MemPortIdVec></MemPortIdVec>
<condition id="-1">
<or_exp><and_exp></and_exp></or_exp>
</condition>

<Node id="98" bw="32" op_0_bw="16">
<![CDATA[
:8  %tmp_20 = sext i16 %data_reg_load_2 to i32

]]></Node>
<StgValue><ssdm name="tmp_20"/></StgValue>
</operation>

<operation id="141" st_id="25" stage="6" lat="6">
<core>Int2Double</core>
<MemPortIdVec></MemPortIdVec>
<condition id="-1">
<or_exp><and_exp></and_exp></or_exp>
</condition>

<Node id="99" bw="64" op_0_bw="32">
<![CDATA[
:9  %tmp_13 = sitofp i32 %tmp_20 to double

]]></Node>
<StgValue><ssdm name="tmp_13"/></StgValue>
</operation>
</state>

<state id="26" st_id="26">

<operation id="142" st_id="26" stage="5" lat="6">
<core>Int2Double</core>
<MemPortIdVec></MemPortIdVec>
<condition id="-1">
<or_exp><and_exp></and_exp></or_exp>
</condition>

<Node id="99" bw="64" op_0_bw="32">
<![CDATA[
:9  %tmp_13 = sitofp i32 %tmp_20 to double

]]></Node>
<StgValue><ssdm name="tmp_13"/></StgValue>
</operation>
</state>

<state id="27" st_id="27">

<operation id="143" st_id="27" stage="4" lat="6">
<core>Int2Double</core>
<MemPortIdVec></MemPortIdVec>
<condition id="-1">
<or_exp><and_exp></and_exp></or_exp>
</condition>

<Node id="99" bw="64" op_0_bw="32">
<![CDATA[
:9  %tmp_13 = sitofp i32 %tmp_20 to double

]]></Node>
<StgValue><ssdm name="tmp_13"/></StgValue>
</operation>
</state>

<state id="28" st_id="28">

<operation id="144" st_id="28" stage="3" lat="6">
<core>Int2Double</core>
<MemPortIdVec></MemPortIdVec>
<condition id="-1">
<or_exp><and_exp></and_exp></or_exp>
</condition>

<Node id="99" bw="64" op_0_bw="32">
<![CDATA[
:9  %tmp_13 = sitofp i32 %tmp_20 to double

]]></Node>
<StgValue><ssdm name="tmp_13"/></StgValue>
</operation>
</state>

<state id="29" st_id="29">

<operation id="145" st_id="29" stage="2" lat="2">
<core>RAM</core>
<MemPortIdVec>0 </MemPortIdVec>
<condition id="-1">
<or_exp><and_exp></and_exp></or_exp>
</condition>

<Node id="93" bw="16" op_0_bw="14">
<![CDATA[
:3  %coe_load_3 = load i16* %coe_addr_4, align 2

]]></Node>
<StgValue><ssdm name="coe_load_3"/></StgValue>
</operation>

<operation id="146" st_id="29" stage="2" lat="6">
<core>Int2Double</core>
<MemPortIdVec></MemPortIdVec>
<condition id="-1">
<or_exp><and_exp></and_exp></or_exp>
</condition>

<Node id="99" bw="64" op_0_bw="32">
<![CDATA[
:9  %tmp_13 = sitofp i32 %tmp_20 to double

]]></Node>
<StgValue><ssdm name="tmp_13"/></StgValue>
</operation>
</state>

<state id="30" st_id="30">

<operation id="147" st_id="30" stage="1" lat="2">
<core>RAM</core>
<MemPortIdVec>0 </MemPortIdVec>
<condition id="-1">
<or_exp><and_exp></and_exp></or_exp>
</condition>

<Node id="93" bw="16" op_0_bw="14">
<![CDATA[
:3  %coe_load_3 = load i16* %coe_addr_4, align 2

]]></Node>
<StgValue><ssdm name="coe_load_3"/></StgValue>
</operation>

<operation id="148" st_id="30" stage="1" lat="6">
<core>Int2Double</core>
<MemPortIdVec></MemPortIdVec>
<condition id="-1">
<or_exp><and_exp></and_exp></or_exp>
</condition>

<Node id="99" bw="64" op_0_bw="32">
<![CDATA[
:9  %tmp_13 = sitofp i32 %tmp_20 to double

]]></Node>
<StgValue><ssdm name="tmp_13"/></StgValue>
</operation>
</state>

<state id="31" st_id="31">

<operation id="149" st_id="31" stage="1" lat="1">
<core>NULL</core>
<MemPortIdVec></MemPortIdVec>
<condition id="-1">
<or_exp><and_exp></and_exp></or_exp>
</condition>

<Node id="94" bw="32" op_0_bw="16">
<![CDATA[
:4  %tmp_19 = sext i16 %coe_load_3 to i32

]]></Node>
<StgValue><ssdm name="tmp_19"/></StgValue>
</operation>

<operation id="150" st_id="31" stage="6" lat="6">
<core>Int2Double</core>
<MemPortIdVec></MemPortIdVec>
<condition id="-1">
<or_exp><and_exp></and_exp></or_exp>
</condition>

<Node id="95" bw="64" op_0_bw="32">
<![CDATA[
:5  %tmp_12 = sitofp i32 %tmp_19 to double

]]></Node>
<StgValue><ssdm name="tmp_12"/></StgValue>
</operation>

<operation id="151" st_id="31" stage="6" lat="6">
<core>DMul</core>
<MemPortIdVec></MemPortIdVec>
<condition id="-1">
<or_exp><and_exp></and_exp></or_exp>
</condition>

<Node id="100" bw="64" op_0_bw="64" op_1_bw="64">
<![CDATA[
:10  %tmp_14 = fmul double %tmp_8, %tmp_13

]]></Node>
<StgValue><ssdm name="tmp_14"/></StgValue>
</operation>
</state>

<state id="32" st_id="32">

<operation id="152" st_id="32" stage="5" lat="6">
<core>Int2Double</core>
<MemPortIdVec></MemPortIdVec>
<condition id="-1">
<or_exp><and_exp></and_exp></or_exp>
</condition>

<Node id="95" bw="64" op_0_bw="32">
<![CDATA[
:5  %tmp_12 = sitofp i32 %tmp_19 to double

]]></Node>
<StgValue><ssdm name="tmp_12"/></StgValue>
</operation>

<operation id="153" st_id="32" stage="5" lat="6">
<core>DMul</core>
<MemPortIdVec></MemPortIdVec>
<condition id="-1">
<or_exp><and_exp></and_exp></or_exp>
</condition>

<Node id="100" bw="64" op_0_bw="64" op_1_bw="64">
<![CDATA[
:10  %tmp_14 = fmul double %tmp_8, %tmp_13

]]></Node>
<StgValue><ssdm name="tmp_14"/></StgValue>
</operation>
</state>

<state id="33" st_id="33">

<operation id="154" st_id="33" stage="4" lat="6">
<core>Int2Double</core>
<MemPortIdVec></MemPortIdVec>
<condition id="-1">
<or_exp><and_exp></and_exp></or_exp>
</condition>

<Node id="95" bw="64" op_0_bw="32">
<![CDATA[
:5  %tmp_12 = sitofp i32 %tmp_19 to double

]]></Node>
<StgValue><ssdm name="tmp_12"/></StgValue>
</operation>

<operation id="155" st_id="33" stage="4" lat="6">
<core>DMul</core>
<MemPortIdVec></MemPortIdVec>
<condition id="-1">
<or_exp><and_exp></and_exp></or_exp>
</condition>

<Node id="100" bw="64" op_0_bw="64" op_1_bw="64">
<![CDATA[
:10  %tmp_14 = fmul double %tmp_8, %tmp_13

]]></Node>
<StgValue><ssdm name="tmp_14"/></StgValue>
</operation>
</state>

<state id="34" st_id="34">

<operation id="156" st_id="34" stage="3" lat="6">
<core>Int2Double</core>
<MemPortIdVec></MemPortIdVec>
<condition id="-1">
<or_exp><and_exp></and_exp></or_exp>
</condition>

<Node id="95" bw="64" op_0_bw="32">
<![CDATA[
:5  %tmp_12 = sitofp i32 %tmp_19 to double

]]></Node>
<StgValue><ssdm name="tmp_12"/></StgValue>
</operation>

<operation id="157" st_id="34" stage="3" lat="6">
<core>DMul</core>
<MemPortIdVec></MemPortIdVec>
<condition id="-1">
<or_exp><and_exp></and_exp></or_exp>
</condition>

<Node id="100" bw="64" op_0_bw="64" op_1_bw="64">
<![CDATA[
:10  %tmp_14 = fmul double %tmp_8, %tmp_13

]]></Node>
<StgValue><ssdm name="tmp_14"/></StgValue>
</operation>
</state>

<state id="35" st_id="35">

<operation id="158" st_id="35" stage="2" lat="6">
<core>Int2Double</core>
<MemPortIdVec></MemPortIdVec>
<condition id="-1">
<or_exp><and_exp></and_exp></or_exp>
</condition>

<Node id="95" bw="64" op_0_bw="32">
<![CDATA[
:5  %tmp_12 = sitofp i32 %tmp_19 to double

]]></Node>
<StgValue><ssdm name="tmp_12"/></StgValue>
</operation>

<operation id="159" st_id="35" stage="2" lat="6">
<core>DMul</core>
<MemPortIdVec></MemPortIdVec>
<condition id="-1">
<or_exp><and_exp></and_exp></or_exp>
</condition>

<Node id="100" bw="64" op_0_bw="64" op_1_bw="64">
<![CDATA[
:10  %tmp_14 = fmul double %tmp_8, %tmp_13

]]></Node>
<StgValue><ssdm name="tmp_14"/></StgValue>
</operation>
</state>

<state id="36" st_id="36">

<operation id="160" st_id="36" stage="1" lat="6">
<core>Int2Double</core>
<MemPortIdVec></MemPortIdVec>
<condition id="-1">
<or_exp><and_exp></and_exp></or_exp>
</condition>

<Node id="95" bw="64" op_0_bw="32">
<![CDATA[
:5  %tmp_12 = sitofp i32 %tmp_19 to double

]]></Node>
<StgValue><ssdm name="tmp_12"/></StgValue>
</operation>

<operation id="161" st_id="36" stage="1" lat="6">
<core>DMul</core>
<MemPortIdVec></MemPortIdVec>
<condition id="-1">
<or_exp><and_exp></and_exp></or_exp>
</condition>

<Node id="100" bw="64" op_0_bw="64" op_1_bw="64">
<![CDATA[
:10  %tmp_14 = fmul double %tmp_8, %tmp_13

]]></Node>
<StgValue><ssdm name="tmp_14"/></StgValue>
</operation>
</state>

<state id="37" st_id="37">

<operation id="162" st_id="37" stage="5" lat="5">
<core>DAddSub</core>
<MemPortIdVec></MemPortIdVec>
<condition id="-1">
<or_exp><and_exp></and_exp></or_exp>
</condition>

<Node id="101" bw="64" op_0_bw="64" op_1_bw="64">
<![CDATA[
:11  %x_assign = fadd double %tmp_12, %tmp_14

]]></Node>
<StgValue><ssdm name="x_assign"/></StgValue>
</operation>
</state>

<state id="38" st_id="38">

<operation id="163" st_id="38" stage="4" lat="5">
<core>DAddSub</core>
<MemPortIdVec></MemPortIdVec>
<condition id="-1">
<or_exp><and_exp></and_exp></or_exp>
</condition>

<Node id="101" bw="64" op_0_bw="64" op_1_bw="64">
<![CDATA[
:11  %x_assign = fadd double %tmp_12, %tmp_14

]]></Node>
<StgValue><ssdm name="x_assign"/></StgValue>
</operation>
</state>

<state id="39" st_id="39">

<operation id="164" st_id="39" stage="3" lat="5">
<core>DAddSub</core>
<MemPortIdVec></MemPortIdVec>
<condition id="-1">
<or_exp><and_exp></and_exp></or_exp>
</condition>

<Node id="101" bw="64" op_0_bw="64" op_1_bw="64">
<![CDATA[
:11  %x_assign = fadd double %tmp_12, %tmp_14

]]></Node>
<StgValue><ssdm name="x_assign"/></StgValue>
</operation>
</state>

<state id="40" st_id="40">

<operation id="165" st_id="40" stage="2" lat="5">
<core>DAddSub</core>
<MemPortIdVec></MemPortIdVec>
<condition id="-1">
<or_exp><and_exp></and_exp></or_exp>
</condition>

<Node id="101" bw="64" op_0_bw="64" op_1_bw="64">
<![CDATA[
:11  %x_assign = fadd double %tmp_12, %tmp_14

]]></Node>
<StgValue><ssdm name="x_assign"/></StgValue>
</operation>
</state>

<state id="41" st_id="41">

<operation id="166" st_id="41" stage="1" lat="5">
<core>DAddSub</core>
<MemPortIdVec></MemPortIdVec>
<condition id="-1">
<or_exp><and_exp></and_exp></or_exp>
</condition>

<Node id="101" bw="64" op_0_bw="64" op_1_bw="64">
<![CDATA[
:11  %x_assign = fadd double %tmp_12, %tmp_14

]]></Node>
<StgValue><ssdm name="x_assign"/></StgValue>
</operation>
</state>

<state id="42" st_id="42">

<operation id="167" st_id="42" stage="1" lat="1">
<core>NULL</core>
<MemPortIdVec></MemPortIdVec>
<condition id="-1">
<or_exp><and_exp></and_exp></or_exp>
</condition>

<Node id="102" bw="64" op_0_bw="64">
<![CDATA[
:12  %p_Val2_s = bitcast double %x_assign to i64

]]></Node>
<StgValue><ssdm name="p_Val2_s"/></StgValue>
</operation>

<operation id="168" st_id="42" stage="1" lat="1">
<core>NULL</core>
<MemPortIdVec></MemPortIdVec>
<condition id="-1">
<or_exp><and_exp></and_exp></or_exp>
</condition>

<Node id="103" bw="1" op_0_bw="1" op_1_bw="64" op_2_bw="32">
<![CDATA[
:13  %p_Result_s = call i1 @_ssdm_op_BitSelect.i1.i64.i32(i64 %p_Val2_s, i32 63)

]]></Node>
<StgValue><ssdm name="p_Result_s"/></StgValue>
</operation>

<operation id="169" st_id="42" stage="1" lat="1">
<core>NULL</core>
<MemPortIdVec></MemPortIdVec>
<condition id="-1">
<or_exp><and_exp></and_exp></or_exp>
</condition>

<Node id="104" bw="11" op_0_bw="11" op_1_bw="64" op_2_bw="32" op_3_bw="32">
<![CDATA[
:14  %tmp_V = call i11 @_ssdm_op_PartSelect.i11.i64.i32.i32(i64 %p_Val2_s, i32 52, i32 62) nounwind

]]></Node>
<StgValue><ssdm name="tmp_V"/></StgValue>
</operation>

<operation id="170" st_id="42" stage="1" lat="1">
<core>NULL</core>
<MemPortIdVec></MemPortIdVec>
<condition id="-1">
<or_exp><and_exp></and_exp></or_exp>
</condition>

<Node id="105" bw="52" op_0_bw="64">
<![CDATA[
:15  %tmp_V_1 = trunc i64 %p_Val2_s to i52

]]></Node>
<StgValue><ssdm name="tmp_V_1"/></StgValue>
</operation>

<operation id="171" st_id="42" stage="1" lat="1">
<core>NULL</core>
<MemPortIdVec></MemPortIdVec>
<condition id="-1">
<or_exp><and_exp></and_exp></or_exp>
</condition>

<Node id="106" bw="54" op_0_bw="54" op_1_bw="1" op_2_bw="52" op_3_bw="1">
<![CDATA[
:16  %mantissa_V = call i54 @_ssdm_op_BitConcatenate.i54.i1.i52.i1(i1 true, i52 %tmp_V_1, i1 false)

]]></Node>
<StgValue><ssdm name="mantissa_V"/></StgValue>
</operation>

<operation id="172" st_id="42" stage="1" lat="1">
<core>NULL</core>
<MemPortIdVec></MemPortIdVec>
<condition id="-1">
<or_exp><and_exp></and_exp></or_exp>
</condition>

<Node id="107" bw="121" op_0_bw="54">
<![CDATA[
:17  %mantissa_V_1_cast = zext i54 %mantissa_V to i121

]]></Node>
<StgValue><ssdm name="mantissa_V_1_cast"/></StgValue>
</operation>

<operation id="173" st_id="42" stage="1" lat="1">
<core>NULL</core>
<MemPortIdVec></MemPortIdVec>
<condition id="-1">
<or_exp><and_exp></and_exp></or_exp>
</condition>

<Node id="108" bw="12" op_0_bw="11">
<![CDATA[
:18  %tmp_i_i_i_i_cast1 = zext i11 %tmp_V to i12

]]></Node>
<StgValue><ssdm name="tmp_i_i_i_i_cast1"/></StgValue>
</operation>

<operation id="174" st_id="42" stage="1" lat="1">
<core>AddSub</core>
<MemPortIdVec></MemPortIdVec>
<condition id="-1">
<or_exp><and_exp></and_exp></or_exp>
</condition>

<Node id="109" bw="12" op_0_bw="12" op_1_bw="12">
<![CDATA[
:19  %sh_assign = add i12 -1023, %tmp_i_i_i_i_cast1

]]></Node>
<StgValue><ssdm name="sh_assign"/></StgValue>
</operation>

<operation id="175" st_id="42" stage="1" lat="1">
<core>NULL</core>
<MemPortIdVec></MemPortIdVec>
<condition id="-1">
<or_exp><and_exp></and_exp></or_exp>
</condition>

<Node id="110" bw="1" op_0_bw="1" op_1_bw="12" op_2_bw="32">
<![CDATA[
:20  %isNeg = call i1 @_ssdm_op_BitSelect.i1.i12.i32(i12 %sh_assign, i32 11)

]]></Node>
<StgValue><ssdm name="isNeg"/></StgValue>
</operation>

<operation id="176" st_id="42" stage="1" lat="1">
<core>AddSub</core>
<MemPortIdVec></MemPortIdVec>
<condition id="-1">
<or_exp><and_exp></and_exp></or_exp>
</condition>

<Node id="111" bw="11" op_0_bw="11" op_1_bw="11">
<![CDATA[
:21  %tmp_i_i_i = sub i11 1023, %tmp_V

]]></Node>
<StgValue><ssdm name="tmp_i_i_i"/></StgValue>
</operation>

<operation id="177" st_id="42" stage="1" lat="1">
<core>NULL</core>
<MemPortIdVec></MemPortIdVec>
<condition id="-1">
<or_exp><and_exp></and_exp></or_exp>
</condition>

<Node id="112" bw="12" op_0_bw="11">
<![CDATA[
:22  %tmp_i_i_i_cast = sext i11 %tmp_i_i_i to i12

]]></Node>
<StgValue><ssdm name="tmp_i_i_i_cast"/></StgValue>
</operation>

<operation id="178" st_id="42" stage="1" lat="1">
<core>Sel</core>
<MemPortIdVec></MemPortIdVec>
<condition id="-1">
<or_exp><and_exp></and_exp></or_exp>
</condition>

<Node id="113" bw="12" op_0_bw="1" op_1_bw="12" op_2_bw="12">
<![CDATA[
:23  %ush = select i1 %isNeg, i12 %tmp_i_i_i_cast, i12 %sh_assign

]]></Node>
<StgValue><ssdm name="ush"/></StgValue>
</operation>

<operation id="179" st_id="42" stage="1" lat="1">
<core>NULL</core>
<MemPortIdVec></MemPortIdVec>
<condition id="-1">
<or_exp><and_exp></and_exp></or_exp>
</condition>

<Node id="114" bw="32" op_0_bw="12">
<![CDATA[
:24  %sh_assign_2_cast = sext i12 %ush to i32

]]></Node>
<StgValue><ssdm name="sh_assign_2_cast"/></StgValue>
</operation>

<operation id="180" st_id="42" stage="1" lat="1">
<core>NULL</core>
<MemPortIdVec></MemPortIdVec>
<condition id="-1">
<or_exp><and_exp></and_exp></or_exp>
</condition>

<Node id="115" bw="121" op_0_bw="32">
<![CDATA[
:25  %tmp_i_i_i_13 = zext i32 %sh_assign_2_cast to i121

]]></Node>
<StgValue><ssdm name="tmp_i_i_i_13"/></StgValue>
</operation>

<operation id="181" st_id="42" stage="1" lat="1">
<core>NULL</core>
<MemPortIdVec></MemPortIdVec>
<condition id="-1">
<or_exp><and_exp></and_exp></or_exp>
</condition>

<Node id="116" bw="54" op_0_bw="32">
<![CDATA[
:26  %tmp_i_i_i_cast_14 = zext i32 %sh_assign_2_cast to i54

]]></Node>
<StgValue><ssdm name="tmp_i_i_i_cast_14"/></StgValue>
</operation>

<operation id="182" st_id="42" stage="1" lat="1">
<core>Shift</core>
<MemPortIdVec></MemPortIdVec>
<condition id="-1">
<or_exp><and_exp></and_exp></or_exp>
</condition>

<Node id="117" bw="54" op_0_bw="54" op_1_bw="54">
<![CDATA[
:27  %r_V = lshr i54 %mantissa_V, %tmp_i_i_i_cast_14

]]></Node>
<StgValue><ssdm name="r_V"/></StgValue>
</operation>

<operation id="183" st_id="42" stage="1" lat="1">
<core>Shift</core>
<MemPortIdVec></MemPortIdVec>
<condition id="-1">
<or_exp><and_exp></and_exp></or_exp>
</condition>

<Node id="118" bw="121" op_0_bw="121" op_1_bw="121">
<![CDATA[
:28  %r_V_1 = shl i121 %mantissa_V_1_cast, %tmp_i_i_i_13

]]></Node>
<StgValue><ssdm name="r_V_1"/></StgValue>
</operation>

<operation id="184" st_id="42" stage="1" lat="1">
<core>NULL</core>
<MemPortIdVec></MemPortIdVec>
<condition id="-1">
<or_exp><and_exp></and_exp></or_exp>
</condition>

<Node id="119" bw="1" op_0_bw="1" op_1_bw="54" op_2_bw="32">
<![CDATA[
:29  %tmp_24 = call i1 @_ssdm_op_BitSelect.i1.i54.i32(i54 %r_V, i32 53)

]]></Node>
<StgValue><ssdm name="tmp_24"/></StgValue>
</operation>

<operation id="185" st_id="42" stage="1" lat="1">
<core>NULL</core>
<MemPortIdVec></MemPortIdVec>
<condition id="-1">
<or_exp><and_exp></and_exp></or_exp>
</condition>

<Node id="120" bw="16" op_0_bw="1">
<![CDATA[
:30  %tmp_16 = zext i1 %tmp_24 to i16

]]></Node>
<StgValue><ssdm name="tmp_16"/></StgValue>
</operation>

<operation id="186" st_id="42" stage="1" lat="1">
<core>NULL</core>
<MemPortIdVec></MemPortIdVec>
<condition id="-1">
<or_exp><and_exp></and_exp></or_exp>
</condition>

<Node id="121" bw="16" op_0_bw="16" op_1_bw="121" op_2_bw="32" op_3_bw="32">
<![CDATA[
:31  %tmp_17 = call i16 @_ssdm_op_PartSelect.i16.i121.i32.i32(i121 %r_V_1, i32 53, i32 68)

]]></Node>
<StgValue><ssdm name="tmp_17"/></StgValue>
</operation>

<operation id="187" st_id="42" stage="1" lat="1">
<core>Sel</core>
<MemPortIdVec></MemPortIdVec>
<condition id="-1">
<or_exp><and_exp></and_exp></or_exp>
</condition>

<Node id="122" bw="16" op_0_bw="1" op_1_bw="16" op_2_bw="16">
<![CDATA[
:32  %p_Val2_5 = select i1 %isNeg, i16 %tmp_16, i16 %tmp_17

]]></Node>
<StgValue><ssdm name="p_Val2_5"/></StgValue>
</operation>
</state>

<state id="43" st_id="43">

<operation id="188" st_id="43" stage="1" lat="1">
<core>NULL</core>
<MemPortIdVec></MemPortIdVec>
<condition id="-1">
<or_exp><and_exp></and_exp></or_exp>
</condition>

<Node id="90" bw="0" op_0_bw="0" op_1_bw="0">
<![CDATA[
:0  call void (...)* @_ssdm_op_SpecLoopName([6 x i8]* @p_str2) nounwind

]]></Node>
<StgValue><ssdm name=""/></StgValue>
</operation>

<operation id="189" st_id="43" stage="1" lat="1">
<core>AddSub</core>
<MemPortIdVec></MemPortIdVec>
<condition id="-1">
<or_exp><and_exp><literal name="p_Result_s" val="1"/>
</and_exp></or_exp>
</condition>

<Node id="123" bw="16" op_0_bw="16" op_1_bw="16">
<![CDATA[
:33  %result_V_1 = sub i16 0, %p_Val2_5

]]></Node>
<StgValue><ssdm name="result_V_1"/></StgValue>
</operation>

<operation id="190" st_id="43" stage="1" lat="1">
<core>Sel</core>
<MemPortIdVec></MemPortIdVec>
<condition id="-1">
<or_exp><and_exp></and_exp></or_exp>
</condition>

<Node id="124" bw="16" op_0_bw="1" op_1_bw="16" op_2_bw="16">
<![CDATA[
:34  %p_Val2_6 = select i1 %p_Result_s, i16 %result_V_1, i16 %p_Val2_5

]]></Node>
<StgValue><ssdm name="p_Val2_6"/></StgValue>
</operation>

<operation id="191" st_id="43" stage="1" lat="1">
<core>RAM</core>
<MemPortIdVec>0 </MemPortIdVec>
<condition id="-1">
<or_exp><and_exp></and_exp></or_exp>
</condition>

<Node id="125" bw="0" op_0_bw="16" op_1_bw="14">
<![CDATA[
:35  store i16 %p_Val2_6, i16* %coe_addr_4, align 2

]]></Node>
<StgValue><ssdm name=""/></StgValue>
</operation>

<operation id="192" st_id="43" stage="1" lat="1">
<core>NULL</core>
<MemPortIdVec></MemPortIdVec>
<condition id="-1">
<or_exp><and_exp></and_exp></or_exp>
</condition>

<Node id="126" bw="0" op_0_bw="0">
<![CDATA[
:36  br label %8

]]></Node>
<StgValue><ssdm name=""/></StgValue>
</operation>
</state>
</state_list>


<ports>
<port id="242" name="y" dir="1" iftype="0">
<core>NULL</core><StgValue><ssdm name="y"/></StgValue>
</port>
<port id="243" name="x" dir="0" iftype="0">
<core>NULL</core><StgValue><ssdm name="x"/></StgValue>
</port>
<port id="244" name="iter" dir="0" iftype="0">
<core>NULL</core><StgValue><ssdm name="iter"/></StgValue>
</port>
<port id="245" name="data_reg" dir="2" iftype="1">
<core>RAM</core><StgValue><ssdm name="data_reg"/><MemPortTyVec>2 3 </MemPortTyVec>
</StgValue>
</port>
</ports>


<dataflows>
<dataflow id="247" from="_ssdm_op_SpecBitsMap" to="StgValue_44" fromId="246" toId="44">
</dataflow>
<dataflow id="248" from="y" to="StgValue_44" fromId="242" toId="44">
</dataflow>
<dataflow id="249" from="_ssdm_op_SpecBitsMap" to="StgValue_45" fromId="246" toId="45">
</dataflow>
<dataflow id="250" from="x" to="StgValue_45" fromId="243" toId="45">
</dataflow>
<dataflow id="251" from="_ssdm_op_SpecBitsMap" to="StgValue_46" fromId="246" toId="46">
</dataflow>
<dataflow id="252" from="iter" to="StgValue_46" fromId="244" toId="46">
</dataflow>
<dataflow id="254" from="_ssdm_op_SpecTopModule" to="StgValue_47" fromId="253" toId="47">
</dataflow>
<dataflow id="256" from="lms_track_str" to="StgValue_47" fromId="255" toId="47">
</dataflow>
<dataflow id="258" from="_ssdm_op_Read.ap_auto.i16" to="iter_read" fromId="257" toId="48">
</dataflow>
<dataflow id="259" from="iter" to="iter_read" fromId="244" toId="48">
</dataflow>
<dataflow id="260" from="_ssdm_op_Read.ap_auto.i16" to="x_read" fromId="257" toId="49">
</dataflow>
<dataflow id="261" from="x" to="x_read" fromId="243" toId="49">
</dataflow>
<dataflow id="263" from="StgValue_262" to="coe" fromId="262" toId="50">
</dataflow>
<dataflow id="264" from="iter_read" to="tmp" fromId="48" toId="51">
</dataflow>
<dataflow id="266" from="StgValue_265" to="tmp" fromId="265" toId="51">
</dataflow>
<dataflow id="268" from="StgValue_267" to="j" fromId="267" toId="53">
<condition id="-1">
<or_exp><and_exp></and_exp></or_exp>
</condition>
</dataflow>
<dataflow id="269" from="StgValue_52" to="j" fromId="52" toId="53">
</dataflow>
<dataflow id="270" from="j_1" to="j" fromId="56" toId="53">
<BackEdge/>
<condition id="-1">
<or_exp><and_exp><literal name="exitcond1" val="0"/>
</and_exp></or_exp>
</condition>
</dataflow>
<dataflow id="271" from="StgValue_64" to="j" fromId="64" toId="53">
<BackEdge/>
</dataflow>
<dataflow id="272" from="j" to="exitcond1" fromId="53" toId="54">
</dataflow>
<dataflow id="274" from="StgValue_273" to="exitcond1" fromId="273" toId="54">
</dataflow>
<dataflow id="276" from="_ssdm_op_SpecLoopTripCount" to="empty" fromId="275" toId="55">
</dataflow>
<dataflow id="278" from="StgValue_277" to="empty" fromId="277" toId="55">
</dataflow>
<dataflow id="279" from="StgValue_277" to="empty" fromId="277" toId="55">
</dataflow>
<dataflow id="280" from="StgValue_277" to="empty" fromId="277" toId="55">
</dataflow>
<dataflow id="281" from="j" to="j_1" fromId="53" toId="56">
</dataflow>
<dataflow id="283" from="StgValue_282" to="j_1" fromId="282" toId="56">
</dataflow>
<dataflow id="284" from="exitcond1" to="StgValue_57" fromId="54" toId="57">
</dataflow>
<dataflow id="286" from="_ssdm_op_SpecLoopName" to="StgValue_58" fromId="285" toId="58">
</dataflow>
<dataflow id="288" from="p_str" to="StgValue_58" fromId="287" toId="58">
</dataflow>
<dataflow id="289" from="tmp" to="StgValue_59" fromId="51" toId="59">
</dataflow>
<dataflow id="290" from="j" to="tmp_5" fromId="53" toId="60">
</dataflow>
<dataflow id="291" from="coe" to="coe_addr_1" fromId="50" toId="61">
</dataflow>
<dataflow id="293" from="StgValue_292" to="coe_addr_1" fromId="292" toId="61">
</dataflow>
<dataflow id="294" from="tmp_5" to="coe_addr_1" fromId="60" toId="61">
</dataflow>
<dataflow id="295" from="StgValue_265" to="StgValue_62" fromId="265" toId="62">
</dataflow>
<dataflow id="296" from="coe_addr_1" to="StgValue_62" fromId="61" toId="62">
</dataflow>
<dataflow id="298" from="StgValue_297" to="data_reg_load" fromId="297" toId="65">
</dataflow>
<dataflow id="299" from="coe" to="coe_addr" fromId="50" toId="66">
</dataflow>
<dataflow id="300" from="StgValue_292" to="coe_addr" fromId="292" toId="66">
</dataflow>
<dataflow id="302" from="StgValue_301" to="coe_addr" fromId="301" toId="66">
</dataflow>
<dataflow id="303" from="coe_addr" to="coe_load" fromId="66" toId="67">
</dataflow>
<dataflow id="304" from="StgValue_297" to="data_reg_load" fromId="297" toId="68">
</dataflow>
<dataflow id="305" from="coe_addr" to="coe_load" fromId="66" toId="69">
</dataflow>
<dataflow id="306" from="data_reg_load" to="tmp_1_cast" fromId="68" toId="70">
</dataflow>
<dataflow id="307" from="coe_load" to="tmp_2_cast" fromId="69" toId="71">
</dataflow>
<dataflow id="308" from="tmp_2_cast" to="out" fromId="71" toId="72">
</dataflow>
<dataflow id="309" from="tmp_1_cast" to="out" fromId="70" toId="72">
</dataflow>
<dataflow id="310" from="out" to="out_cast" fromId="72" toId="73">
</dataflow>
<dataflow id="311" from="out_cast" to="out1" fromId="73" toId="75">
<condition id="-1">
<or_exp><and_exp></and_exp></or_exp>
</condition>
</dataflow>
<dataflow id="312" from="StgValue_74" to="out1" fromId="74" toId="75">
</dataflow>
<dataflow id="313" from="out_2" to="out1" fromId="98" toId="75">
<BackEdge/>
<condition id="-1">
<or_exp><and_exp></and_exp></or_exp>
</condition>
</dataflow>
<dataflow id="314" from="StgValue_99" to="out1" fromId="99" toId="75">
<BackEdge/>
</dataflow>
<dataflow id="316" from="StgValue_315" to="i" fromId="315" toId="76">
<condition id="-1">
<or_exp><and_exp></and_exp></or_exp>
</condition>
</dataflow>
<dataflow id="317" from="StgValue_74" to="i" fromId="74" toId="76">
</dataflow>
<dataflow id="318" from="i_1" to="i" fromId="80" toId="76">
<BackEdge/>
<condition id="-1">
<or_exp><and_exp></and_exp></or_exp>
</condition>
</dataflow>
<dataflow id="319" from="StgValue_99" to="i" fromId="99" toId="76">
<BackEdge/>
</dataflow>
<dataflow id="320" from="i" to="tmp_4" fromId="76" toId="77">
</dataflow>
<dataflow id="321" from="StgValue_267" to="tmp_4" fromId="267" toId="77">
</dataflow>
<dataflow id="322" from="_ssdm_op_SpecLoopTripCount" to="empty_11" fromId="275" toId="78">
</dataflow>
<dataflow id="324" from="StgValue_323" to="empty_11" fromId="323" toId="78">
</dataflow>
<dataflow id="325" from="StgValue_323" to="empty_11" fromId="323" toId="78">
</dataflow>
<dataflow id="326" from="StgValue_323" to="empty_11" fromId="323" toId="78">
</dataflow>
<dataflow id="327" from="tmp_4" to="StgValue_79" fromId="77" toId="79">
</dataflow>
<dataflow id="328" from="i" to="i_1" fromId="76" toId="80">
</dataflow>
<dataflow id="330" from="StgValue_329" to="i_1" fromId="329" toId="80">
</dataflow>
<dataflow id="331" from="i_1" to="tmp_s" fromId="80" toId="81">
</dataflow>
<dataflow id="332" from="data_reg" to="data_reg_addr" fromId="245" toId="82">
</dataflow>
<dataflow id="333" from="StgValue_292" to="data_reg_addr" fromId="292" toId="82">
</dataflow>
<dataflow id="334" from="tmp_s" to="data_reg_addr" fromId="81" toId="82">
</dataflow>
<dataflow id="335" from="data_reg_addr" to="data_reg_load_1" fromId="82" toId="83">
</dataflow>
<dataflow id="336" from="i" to="tmp_2" fromId="76" toId="84">
</dataflow>
<dataflow id="337" from="coe" to="coe_addr_3" fromId="50" toId="85">
</dataflow>
<dataflow id="338" from="StgValue_292" to="coe_addr_3" fromId="292" toId="85">
</dataflow>
<dataflow id="339" from="tmp_2" to="coe_addr_3" fromId="84" toId="85">
</dataflow>
<dataflow id="340" from="coe_addr_3" to="coe_load_2" fromId="85" toId="86">
</dataflow>
<dataflow id="341" from="coe" to="coe_addr_2" fromId="50" toId="87">
</dataflow>
<dataflow id="342" from="StgValue_292" to="coe_addr_2" fromId="292" toId="87">
</dataflow>
<dataflow id="343" from="StgValue_292" to="coe_addr_2" fromId="292" toId="87">
</dataflow>
<dataflow id="344" from="coe_addr_2" to="coe_load_1" fromId="87" toId="88">
</dataflow>
<dataflow id="345" from="data_reg_addr" to="data_reg_load_1" fromId="82" toId="89">
</dataflow>
<dataflow id="346" from="coe_addr_3" to="coe_load_2" fromId="85" toId="90">
</dataflow>
<dataflow id="347" from="data_reg" to="data_reg_addr_1" fromId="245" toId="91">
</dataflow>
<dataflow id="348" from="StgValue_292" to="data_reg_addr_1" fromId="292" toId="91">
</dataflow>
<dataflow id="349" from="tmp_2" to="data_reg_addr_1" fromId="84" toId="91">
</dataflow>
<dataflow id="350" from="data_reg_load_1" to="StgValue_92" fromId="89" toId="92">
</dataflow>
<dataflow id="351" from="data_reg_addr_1" to="StgValue_92" fromId="91" toId="92">
</dataflow>
<dataflow id="352" from="_ssdm_op_SpecLoopName" to="StgValue_93" fromId="285" toId="93">
</dataflow>
<dataflow id="354" from="p_str1" to="StgValue_93" fromId="353" toId="93">
</dataflow>
<dataflow id="355" from="data_reg_load_1" to="tmp_15_cast" fromId="89" toId="94">
</dataflow>
<dataflow id="356" from="coe_load_2" to="tmp_17_cast" fromId="90" toId="95">
</dataflow>
<dataflow id="357" from="tmp_15_cast" to="tmp_10" fromId="94" toId="96">
</dataflow>
<dataflow id="358" from="tmp_17_cast" to="tmp_10" fromId="95" toId="96">
</dataflow>
<dataflow id="359" from="tmp_10" to="tmp_18_cast" fromId="96" toId="97">
</dataflow>
<dataflow id="360" from="tmp_18_cast" to="out_2" fromId="97" toId="98">
</dataflow>
<dataflow id="361" from="out1" to="out_2" fromId="75" toId="98">
</dataflow>
<dataflow id="362" from="coe_addr_2" to="coe_load_1" fromId="87" toId="100">
</dataflow>
<dataflow id="363" from="out1" to="tmp_15" fromId="75" toId="101">
</dataflow>
<dataflow id="364" from="x_read" to="tmp_7_cast" fromId="49" toId="102">
</dataflow>
<dataflow id="365" from="coe_load_1" to="tmp_8_cast" fromId="100" toId="103">
</dataflow>
<dataflow id="366" from="tmp_8_cast" to="tmp_9" fromId="103" toId="104">
</dataflow>
<dataflow id="367" from="tmp_7_cast" to="tmp_9" fromId="102" toId="104">
</dataflow>
<dataflow id="368" from="tmp_9" to="out_1" fromId="104" toId="105">
</dataflow>
<dataflow id="369" from="tmp_15" to="out_1" fromId="101" toId="105">
</dataflow>
<dataflow id="370" from="x_read" to="StgValue_106" fromId="49" toId="106">
</dataflow>
<dataflow id="372" from="StgValue_371" to="StgValue_106" fromId="371" toId="106">
</dataflow>
<dataflow id="374" from="_ssdm_op_PartSelect.i16.i31.i32.i32" to="tmp_3" fromId="373" toId="107">
</dataflow>
<dataflow id="375" from="out_1" to="tmp_3" fromId="105" toId="107">
</dataflow>
<dataflow id="377" from="StgValue_376" to="tmp_3" fromId="376" toId="107">
</dataflow>
<dataflow id="379" from="StgValue_378" to="tmp_3" fromId="378" toId="107">
</dataflow>
<dataflow id="381" from="_ssdm_op_Write.ap_auto.i16P" to="StgValue_108" fromId="380" toId="108">
</dataflow>
<dataflow id="382" from="y" to="StgValue_108" fromId="242" toId="108">
</dataflow>
<dataflow id="383" from="tmp_3" to="StgValue_108" fromId="107" toId="108">
</dataflow>
<dataflow id="384" from="x_read" to="tmp_6_cast" fromId="49" toId="109">
</dataflow>
<dataflow id="385" from="tmp_3" to="tmp_10_cast" fromId="107" toId="110">
</dataflow>
<dataflow id="386" from="tmp_10_cast" to="sum" fromId="110" toId="111">
</dataflow>
<dataflow id="387" from="tmp_6_cast" to="sum" fromId="109" toId="111">
</dataflow>
<dataflow id="388" from="sum" to="sum_cast" fromId="111" toId="112">
</dataflow>
<dataflow id="390" from="StgValue_389" to="tmp_1" fromId="389" toId="113">
</dataflow>
<dataflow id="391" from="sum_cast" to="tmp_1" fromId="112" toId="113">
</dataflow>
<dataflow id="393" from="_ssdm_op_PartSelect.i8.i18.i32.i32" to="tmp_6" fromId="392" toId="114">
</dataflow>
<dataflow id="394" from="tmp_1" to="tmp_6" fromId="113" toId="114">
</dataflow>
<dataflow id="396" from="StgValue_395" to="tmp_6" fromId="395" toId="114">
</dataflow>
<dataflow id="398" from="StgValue_397" to="tmp_6" fromId="397" toId="114">
</dataflow>
<dataflow id="399" from="tmp_6" to="tmp_18" fromId="114" toId="115">
</dataflow>
<dataflow id="400" from="tmp_18" to="tmp_7" fromId="115" toId="116">
</dataflow>
<dataflow id="401" from="tmp_18" to="tmp_7" fromId="115" toId="117">
</dataflow>
<dataflow id="402" from="tmp_18" to="tmp_7" fromId="115" toId="118">
</dataflow>
<dataflow id="403" from="tmp_18" to="tmp_7" fromId="115" toId="119">
</dataflow>
<dataflow id="404" from="tmp_18" to="tmp_7" fromId="115" toId="120">
</dataflow>
<dataflow id="405" from="tmp_18" to="tmp_7" fromId="115" toId="121">
</dataflow>
<dataflow id="406" from="tmp_7" to="tmp_8" fromId="121" toId="122">
</dataflow>
<dataflow id="408" from="StgValue_407" to="tmp_8" fromId="407" toId="122">
</dataflow>
<dataflow id="409" from="tmp_7" to="tmp_8" fromId="121" toId="123">
</dataflow>
<dataflow id="410" from="StgValue_407" to="tmp_8" fromId="407" toId="123">
</dataflow>
<dataflow id="411" from="tmp_7" to="tmp_8" fromId="121" toId="124">
</dataflow>
<dataflow id="412" from="StgValue_407" to="tmp_8" fromId="407" toId="124">
</dataflow>
<dataflow id="413" from="tmp_7" to="tmp_8" fromId="121" toId="125">
</dataflow>
<dataflow id="414" from="StgValue_407" to="tmp_8" fromId="407" toId="125">
</dataflow>
<dataflow id="415" from="tmp_7" to="tmp_8" fromId="121" toId="126">
</dataflow>
<dataflow id="416" from="StgValue_407" to="tmp_8" fromId="407" toId="126">
</dataflow>
<dataflow id="417" from="tmp_7" to="tmp_8" fromId="121" toId="127">
</dataflow>
<dataflow id="418" from="StgValue_407" to="tmp_8" fromId="407" toId="127">
</dataflow>
<dataflow id="419" from="StgValue_267" to="k" fromId="267" toId="129">
<condition id="-1">
<or_exp><and_exp></and_exp></or_exp>
</condition>
</dataflow>
<dataflow id="420" from="StgValue_128" to="k" fromId="128" toId="129">
</dataflow>
<dataflow id="421" from="k_1" to="k" fromId="132" toId="129">
<BackEdge/>
<condition id="-1">
<or_exp><and_exp></and_exp></or_exp>
</condition>
</dataflow>
<dataflow id="422" from="StgValue_192" to="k" fromId="192" toId="129">
<BackEdge/>
</dataflow>
<dataflow id="423" from="k" to="exitcond" fromId="129" toId="130">
</dataflow>
<dataflow id="424" from="StgValue_273" to="exitcond" fromId="273" toId="130">
</dataflow>
<dataflow id="425" from="_ssdm_op_SpecLoopTripCount" to="empty_12" fromId="275" toId="131">
</dataflow>
<dataflow id="426" from="StgValue_277" to="empty_12" fromId="277" toId="131">
</dataflow>
<dataflow id="427" from="StgValue_277" to="empty_12" fromId="277" toId="131">
</dataflow>
<dataflow id="428" from="StgValue_277" to="empty_12" fromId="277" toId="131">
</dataflow>
<dataflow id="429" from="k" to="k_1" fromId="129" toId="132">
</dataflow>
<dataflow id="430" from="StgValue_282" to="k_1" fromId="282" toId="132">
</dataflow>
<dataflow id="431" from="exitcond" to="StgValue_133" fromId="130" toId="133">
</dataflow>
<dataflow id="432" from="k" to="tmp_11" fromId="129" toId="134">
</dataflow>
<dataflow id="433" from="coe" to="coe_addr_4" fromId="50" toId="135">
</dataflow>
<dataflow id="434" from="StgValue_292" to="coe_addr_4" fromId="292" toId="135">
</dataflow>
<dataflow id="435" from="tmp_11" to="coe_addr_4" fromId="134" toId="135">
</dataflow>
<dataflow id="436" from="data_reg" to="data_reg_addr_2" fromId="245" toId="136">
</dataflow>
<dataflow id="437" from="StgValue_292" to="data_reg_addr_2" fromId="292" toId="136">
</dataflow>
<dataflow id="438" from="tmp_11" to="data_reg_addr_2" fromId="134" toId="136">
</dataflow>
<dataflow id="439" from="data_reg_addr_2" to="data_reg_load_2" fromId="136" toId="137">
</dataflow>
<dataflow id="440" from="data_reg_addr_2" to="data_reg_load_2" fromId="136" toId="139">
</dataflow>
<dataflow id="441" from="data_reg_load_2" to="tmp_20" fromId="139" toId="140">
</dataflow>
<dataflow id="442" from="tmp_20" to="tmp_13" fromId="140" toId="141">
</dataflow>
<dataflow id="443" from="tmp_20" to="tmp_13" fromId="140" toId="142">
</dataflow>
<dataflow id="444" from="tmp_20" to="tmp_13" fromId="140" toId="143">
</dataflow>
<dataflow id="445" from="tmp_20" to="tmp_13" fromId="140" toId="144">
</dataflow>
<dataflow id="446" from="coe_addr_4" to="coe_load_3" fromId="135" toId="145">
</dataflow>
<dataflow id="447" from="tmp_20" to="tmp_13" fromId="140" toId="146">
</dataflow>
<dataflow id="448" from="coe_addr_4" to="coe_load_3" fromId="135" toId="147">
</dataflow>
<dataflow id="449" from="tmp_20" to="tmp_13" fromId="140" toId="148">
</dataflow>
<dataflow id="450" from="coe_load_3" to="tmp_19" fromId="147" toId="149">
</dataflow>
<dataflow id="451" from="tmp_19" to="tmp_12" fromId="149" toId="150">
</dataflow>
<dataflow id="452" from="tmp_8" to="tmp_14" fromId="127" toId="151">
</dataflow>
<dataflow id="453" from="tmp_13" to="tmp_14" fromId="148" toId="151">
</dataflow>
<dataflow id="454" from="tmp_19" to="tmp_12" fromId="149" toId="152">
</dataflow>
<dataflow id="455" from="tmp_8" to="tmp_14" fromId="127" toId="153">
</dataflow>
<dataflow id="456" from="tmp_13" to="tmp_14" fromId="148" toId="153">
</dataflow>
<dataflow id="457" from="tmp_19" to="tmp_12" fromId="149" toId="154">
</dataflow>
<dataflow id="458" from="tmp_8" to="tmp_14" fromId="127" toId="155">
</dataflow>
<dataflow id="459" from="tmp_13" to="tmp_14" fromId="148" toId="155">
</dataflow>
<dataflow id="460" from="tmp_19" to="tmp_12" fromId="149" toId="156">
</dataflow>
<dataflow id="461" from="tmp_8" to="tmp_14" fromId="127" toId="157">
</dataflow>
<dataflow id="462" from="tmp_13" to="tmp_14" fromId="148" toId="157">
</dataflow>
<dataflow id="463" from="tmp_19" to="tmp_12" fromId="149" toId="158">
</dataflow>
<dataflow id="464" from="tmp_8" to="tmp_14" fromId="127" toId="159">
</dataflow>
<dataflow id="465" from="tmp_13" to="tmp_14" fromId="148" toId="159">
</dataflow>
<dataflow id="466" from="tmp_19" to="tmp_12" fromId="149" toId="160">
</dataflow>
<dataflow id="467" from="tmp_8" to="tmp_14" fromId="127" toId="161">
</dataflow>
<dataflow id="468" from="tmp_13" to="tmp_14" fromId="148" toId="161">
</dataflow>
<dataflow id="469" from="tmp_12" to="x_assign" fromId="160" toId="162">
</dataflow>
<dataflow id="470" from="tmp_14" to="x_assign" fromId="161" toId="162">
</dataflow>
<dataflow id="471" from="tmp_12" to="x_assign" fromId="160" toId="163">
</dataflow>
<dataflow id="472" from="tmp_14" to="x_assign" fromId="161" toId="163">
</dataflow>
<dataflow id="473" from="tmp_12" to="x_assign" fromId="160" toId="164">
</dataflow>
<dataflow id="474" from="tmp_14" to="x_assign" fromId="161" toId="164">
</dataflow>
<dataflow id="475" from="tmp_12" to="x_assign" fromId="160" toId="165">
</dataflow>
<dataflow id="476" from="tmp_14" to="x_assign" fromId="161" toId="165">
</dataflow>
<dataflow id="477" from="tmp_12" to="x_assign" fromId="160" toId="166">
</dataflow>
<dataflow id="478" from="tmp_14" to="x_assign" fromId="161" toId="166">
</dataflow>
<dataflow id="479" from="x_assign" to="p_Val2_s" fromId="166" toId="167">
</dataflow>
<dataflow id="481" from="_ssdm_op_BitSelect.i1.i64.i32" to="p_Result_s" fromId="480" toId="168">
</dataflow>
<dataflow id="482" from="p_Val2_s" to="p_Result_s" fromId="167" toId="168">
</dataflow>
<dataflow id="484" from="StgValue_483" to="p_Result_s" fromId="483" toId="168">
</dataflow>
<dataflow id="486" from="_ssdm_op_PartSelect.i11.i64.i32.i32" to="tmp_V" fromId="485" toId="169">
</dataflow>
<dataflow id="487" from="p_Val2_s" to="tmp_V" fromId="167" toId="169">
</dataflow>
<dataflow id="489" from="StgValue_488" to="tmp_V" fromId="488" toId="169">
</dataflow>
<dataflow id="491" from="StgValue_490" to="tmp_V" fromId="490" toId="169">
</dataflow>
<dataflow id="492" from="p_Val2_s" to="tmp_V_1" fromId="167" toId="170">
</dataflow>
<dataflow id="494" from="_ssdm_op_BitConcatenate.i54.i1.i52.i1" to="mantissa_V" fromId="493" toId="171">
</dataflow>
<dataflow id="496" from="StgValue_495" to="mantissa_V" fromId="495" toId="171">
</dataflow>
<dataflow id="497" from="tmp_V_1" to="mantissa_V" fromId="170" toId="171">
</dataflow>
<dataflow id="499" from="StgValue_498" to="mantissa_V" fromId="498" toId="171">
</dataflow>
<dataflow id="500" from="mantissa_V" to="mantissa_V_1_cast" fromId="171" toId="172">
</dataflow>
<dataflow id="501" from="tmp_V" to="tmp_i_i_i_i_cast1" fromId="169" toId="173">
</dataflow>
<dataflow id="503" from="StgValue_502" to="sh_assign" fromId="502" toId="174">
</dataflow>
<dataflow id="504" from="tmp_i_i_i_i_cast1" to="sh_assign" fromId="173" toId="174">
</dataflow>
<dataflow id="506" from="_ssdm_op_BitSelect.i1.i12.i32" to="isNeg" fromId="505" toId="175">
</dataflow>
<dataflow id="507" from="sh_assign" to="isNeg" fromId="174" toId="175">
</dataflow>
<dataflow id="509" from="StgValue_508" to="isNeg" fromId="508" toId="175">
</dataflow>
<dataflow id="511" from="StgValue_510" to="tmp_i_i_i" fromId="510" toId="176">
</dataflow>
<dataflow id="512" from="tmp_V" to="tmp_i_i_i" fromId="169" toId="176">
</dataflow>
<dataflow id="513" from="tmp_i_i_i" to="tmp_i_i_i_cast" fromId="176" toId="177">
</dataflow>
<dataflow id="514" from="isNeg" to="ush" fromId="175" toId="178">
</dataflow>
<dataflow id="515" from="tmp_i_i_i_cast" to="ush" fromId="177" toId="178">
</dataflow>
<dataflow id="516" from="sh_assign" to="ush" fromId="174" toId="178">
</dataflow>
<dataflow id="517" from="ush" to="sh_assign_2_cast" fromId="178" toId="179">
</dataflow>
<dataflow id="518" from="sh_assign_2_cast" to="tmp_i_i_i_13" fromId="179" toId="180">
</dataflow>
<dataflow id="519" from="sh_assign_2_cast" to="tmp_i_i_i_cast_14" fromId="179" toId="181">
</dataflow>
<dataflow id="520" from="mantissa_V" to="r_V" fromId="171" toId="182">
</dataflow>
<dataflow id="521" from="tmp_i_i_i_cast_14" to="r_V" fromId="181" toId="182">
</dataflow>
<dataflow id="522" from="mantissa_V_1_cast" to="r_V_1" fromId="172" toId="183">
</dataflow>
<dataflow id="523" from="tmp_i_i_i_13" to="r_V_1" fromId="180" toId="183">
</dataflow>
<dataflow id="525" from="_ssdm_op_BitSelect.i1.i54.i32" to="tmp_24" fromId="524" toId="184">
</dataflow>
<dataflow id="526" from="r_V" to="tmp_24" fromId="182" toId="184">
</dataflow>
<dataflow id="528" from="StgValue_527" to="tmp_24" fromId="527" toId="184">
</dataflow>
<dataflow id="529" from="tmp_24" to="tmp_16" fromId="184" toId="185">
</dataflow>
<dataflow id="531" from="_ssdm_op_PartSelect.i16.i121.i32.i32" to="tmp_17" fromId="530" toId="186">
</dataflow>
<dataflow id="532" from="r_V_1" to="tmp_17" fromId="183" toId="186">
</dataflow>
<dataflow id="533" from="StgValue_527" to="tmp_17" fromId="527" toId="186">
</dataflow>
<dataflow id="535" from="StgValue_534" to="tmp_17" fromId="534" toId="186">
</dataflow>
<dataflow id="536" from="isNeg" to="p_Val2_5" fromId="175" toId="187">
</dataflow>
<dataflow id="537" from="tmp_16" to="p_Val2_5" fromId="185" toId="187">
</dataflow>
<dataflow id="538" from="tmp_17" to="p_Val2_5" fromId="186" toId="187">
</dataflow>
<dataflow id="539" from="_ssdm_op_SpecLoopName" to="StgValue_188" fromId="285" toId="188">
</dataflow>
<dataflow id="541" from="p_str2" to="StgValue_188" fromId="540" toId="188">
</dataflow>
<dataflow id="542" from="StgValue_265" to="result_V_1" fromId="265" toId="189">
</dataflow>
<dataflow id="543" from="p_Val2_5" to="result_V_1" fromId="187" toId="189">
</dataflow>
<dataflow id="544" from="p_Result_s" to="p_Val2_6" fromId="168" toId="190">
</dataflow>
<dataflow id="545" from="result_V_1" to="p_Val2_6" fromId="189" toId="190">
</dataflow>
<dataflow id="546" from="p_Val2_5" to="p_Val2_6" fromId="187" toId="190">
</dataflow>
<dataflow id="547" from="p_Val2_6" to="StgValue_191" fromId="190" toId="191">
</dataflow>
<dataflow id="548" from="coe_addr_4" to="StgValue_191" fromId="135" toId="191">
</dataflow>
<dataflow id="549" from="exitcond1" to="StgValue_2" fromId="54" toId="2">
</dataflow>
<dataflow id="550" from="tmp" to="StgValue_2" fromId="51" toId="2">
</dataflow>
<dataflow id="551" from="tmp_4" to="StgValue_6" fromId="77" toId="6">
</dataflow>
<dataflow id="552" from="exitcond" to="StgValue_23" fromId="130" toId="23">
</dataflow>
<dataflow id="553" from="p_Result_s" to="StgValue_43" fromId="168" toId="43">
</dataflow>
</dataflows>


</stg>
