<stg><name>lms_track</name>


<trans_list>

<trans id="193" from="1" to="2">
<condition id="-1">
<or_exp><and_exp></and_exp></or_exp>
</condition>
</trans>

<trans id="194" from="2" to="3">
<condition id="-1">
<or_exp><and_exp><literal name="exitcond1" val="1"/>
</and_exp></or_exp>
</condition>
</trans>

<trans id="195" from="2" to="2">
<condition id="-1">
<or_exp><and_exp><literal name="exitcond1" val="0"/>
</and_exp></or_exp>
</condition>
</trans>

<trans id="197" from="3" to="4">
<condition id="-1">
<or_exp><and_exp></and_exp></or_exp>
</condition>
</trans>

<trans id="198" from="4" to="5">
<condition id="-1">
<or_exp><and_exp></and_exp></or_exp>
</condition>
</trans>

<trans id="199" from="5" to="6">
<condition id="-1">
<or_exp><and_exp></and_exp></or_exp>
</condition>
</trans>

<trans id="200" from="6" to="7">
<condition id="-1">
<or_exp><and_exp><literal name="tmp_4" val="0"/>
</and_exp></or_exp>
</condition>
</trans>

<trans id="201" from="6" to="9">
<condition id="-1">
<or_exp><and_exp><literal name="tmp_4" val="1"/>
</and_exp></or_exp>
</condition>
</trans>

<trans id="203" from="7" to="8">
<condition id="-1">
<or_exp><and_exp></and_exp></or_exp>
</condition>
</trans>

<trans id="204" from="8" to="6">
<condition id="-1">
<or_exp><and_exp></and_exp></or_exp>
</condition>
</trans>

<trans id="206" from="9" to="10">
<condition id="-1">
<or_exp><and_exp></and_exp></or_exp>
</condition>
</trans>

<trans id="207" from="10" to="11">
<condition id="-1">
<or_exp><and_exp></and_exp></or_exp>
</condition>
</trans>

<trans id="208" from="11" to="12">
<condition id="-1">
<or_exp><and_exp></and_exp></or_exp>
</condition>
</trans>

<trans id="209" from="12" to="13">
<condition id="-1">
<or_exp><and_exp></and_exp></or_exp>
</condition>
</trans>

<trans id="210" from="13" to="14">
<condition id="-1">
<or_exp><and_exp></and_exp></or_exp>
</condition>
</trans>

<trans id="211" from="14" to="15">
<condition id="-1">
<or_exp><and_exp></and_exp></or_exp>
</condition>
</trans>

<trans id="212" from="15" to="16">
<condition id="-1">
<or_exp><and_exp></and_exp></or_exp>
</condition>
</trans>

<trans id="213" from="16" to="17">
<condition id="-1">
<or_exp><and_exp></and_exp></or_exp>
</condition>
</trans>

<trans id="214" from="17" to="18">
<condition id="-1">
<or_exp><and_exp></and_exp></or_exp>
</condition>
</trans>

<trans id="215" from="18" to="19">
<condition id="-1">
<or_exp><and_exp></and_exp></or_exp>
</condition>
</trans>

<trans id="216" from="19" to="20">
<condition id="-1">
<or_exp><and_exp></and_exp></or_exp>
</condition>
</trans>

<trans id="217" from="20" to="21">
<condition id="-1">
<or_exp><and_exp></and_exp></or_exp>
</condition>
</trans>

<trans id="218" from="21" to="22">
<condition id="-1">
<or_exp><and_exp></and_exp></or_exp>
</condition>
</trans>

<trans id="219" from="22" to="23">
<condition id="-1">
<or_exp><and_exp></and_exp></or_exp>
</condition>
</trans>

<trans id="220" from="23" to="24">
<condition id="-1">
<or_exp><and_exp><literal name="exitcond" val="0"/>
</and_exp></or_exp>
</condition>
</trans>

<trans id="222" from="24" to="25">
<condition id="-1">
<or_exp><and_exp></and_exp></or_exp>
</condition>
</trans>

<trans id="223" from="25" to="26">
<condition id="-1">
<or_exp><and_exp></and_exp></or_exp>
</condition>
</trans>

<trans id="224" from="26" to="27">
<condition id="-1">
<or_exp><and_exp></and_exp></or_exp>
</condition>
</trans>

<trans id="225" from="27" to="28">
<condition id="-1">
<or_exp><and_exp></and_exp></or_exp>
</condition>
</trans>

<trans id="226" from="28" to="29">
<condition id="-1">
<or_exp><and_exp></and_exp></or_exp>
</condition>
</trans>

<trans id="227" from="29" to="30">
<condition id="-1">
<or_exp><and_exp></and_exp></or_exp>
</condition>
</trans>

<trans id="228" from="30" to="31">
<condition id="-1">
<or_exp><and_exp></and_exp></or_exp>
</condition>
</trans>

<trans id="229" from="31" to="32">
<condition id="-1">
<or_exp><and_exp></and_exp></or_exp>
</condition>
</trans>

<trans id="230" from="32" to="33">
<condition id="-1">
<or_exp><and_exp></and_exp></or_exp>
</condition>
</trans>

<trans id="231" from="33" to="34">
<condition id="-1">
<or_exp><and_exp></and_exp></or_exp>
</condition>
</trans>

<trans id="232" from="34" to="35">
<condition id="-1">
<or_exp><and_exp></and_exp></or_exp>
</condition>
</trans>

<trans id="233" from="35" to="36">
<condition id="-1">
<or_exp><and_exp></and_exp></or_exp>
</condition>
</trans>

<trans id="234" from="36" to="37">
<condition id="-1">
<or_exp><and_exp></and_exp></or_exp>
</condition>
</trans>

<trans id="235" from="37" to="38">
<condition id="-1">
<or_exp><and_exp></and_exp></or_exp>
</condition>
</trans>

<trans id="236" from="38" to="39">
<condition id="-1">
<or_exp><and_exp></and_exp></or_exp>
</condition>
</trans>

<trans id="237" from="39" to="40">
<condition id="-1">
<or_exp><and_exp></and_exp></or_exp>
</condition>
</trans>

<trans id="238" from="40" to="41">
<condition id="-1">
<or_exp><and_exp></and_exp></or_exp>
</condition>
</trans>

<trans id="239" from="41" to="42">
<condition id="-1">
<or_exp><and_exp></and_exp></or_exp>
</condition>
</trans>

<trans id="240" from="42" to="43">
<condition id="-1">
<or_exp><and_exp></and_exp></or_exp>
</condition>
</trans>

<trans id="241" from="43" to="23">
<condition id="-1">
<or_exp><and_exp></and_exp></or_exp>
</condition>
</trans>
</trans_list>



<state_list>

<state id="1" st_id="1">

<operation id="44" st_id="1" stage="1" lat="1">
<core>NULL</core>
<MemPortIdVec></MemPortIdVec>
<condition id="-1">
<or_exp><and_exp></and_exp></or_exp>
</condition>

<Node id="5" bw="0" op_0_bw="0" op_1_bw="16">
<![CDATA[
:0  call void (...)* @_ssdm_op_SpecBitsMap(i16* %y) nounwind, !map !7

]]></Node>
<StgValue><ssdm name=""/></StgValue>
</operation>

<operation id="45" st_id="1" stage="1" lat="1">
<core>NULL</core>
<MemPortIdVec></MemPortIdVec>
<condition id="-1">
<or_exp><and_exp></and_exp></or_exp>
</condition>

<Node id="6" bw="0" op_0_bw="0" op_1_bw="16">
<![CDATA[
:1  call void (...)* @_ssdm_op_SpecBitsMap(i16 %x) nounwind, !map !13

]]></Node>
<StgValue><ssdm name=""/></StgValue>
</operation>

<operation id="46" st_id="1" stage="1" lat="1">
<core>NULL</core>
<MemPortIdVec></MemPortIdVec>
<condition id="-1">
<or_exp><and_exp></and_exp></or_exp>
</condition>

<Node id="7" bw="0" op_0_bw="0" op_1_bw="16">
<![CDATA[
:2  call void (...)* @_ssdm_op_SpecBitsMap(i16 %iter) nounwind, !map !19

]]></Node>
<StgValue><ssdm name=""/></StgValue>
</operation>

<operation id="47" st_id="1" stage="1" lat="1">
<core>NULL</core>
<MemPortIdVec></MemPortIdVec>
<condition id="-1">
<or_exp><and_exp></and_exp></or_exp>
</condition>

<Node id="8" bw="0" op_0_bw="0" op_1_bw="0">
<![CDATA[
:3  call void (...)* @_ssdm_op_SpecTopModule([10 x i8]* @lms_track_str) nounwind

]]></Node>
<StgValue><ssdm name=""/></StgValue>
</operation>

<operation id="48" st_id="1" stage="1" lat="1">
<core>NULL</core>
<MemPortIdVec></MemPortIdVec>
<condition id="-1">
<or_exp><and_exp></and_exp></or_exp>
</condition>

<Node id="9" bw="16" op_0_bw="16" op_1_bw="16">
<![CDATA[
:4  %iter_read = call i16 @_ssdm_op_Read.ap_auto.i16(i16 %iter) nounwind

]]></Node>
<StgValue><ssdm name="iter_read"/></StgValue>
</operation>

<operation id="49" st_id="1" stage="1" lat="1">
<core>NULL</core>
<MemPortIdVec></MemPortIdVec>
<condition id="-1">
<or_exp><and_exp></and_exp></or_exp>
</condition>

<Node id="10" bw="16" op_0_bw="16" op_1_bw="16">
<![CDATA[
:5  %x_read = call i16 @_ssdm_op_Read.ap_auto.i16(i16 %x) nounwind

]]></Node>
<StgValue><ssdm name="x_read"/></StgValue>
</operation>

<operation id="50" st_id="1" stage="1" lat="1">
<core>RAM</core>
<MemPortIdVec></MemPortIdVec>
<condition id="-1">
<or_exp><and_exp></and_exp></or_exp>
</condition>

<Node id="11" bw="16" op_0_bw="64">
<![CDATA[
:6  %coe = alloca [9001 x i16], align 16

]]></Node>
<StgValue><ssdm name="coe"/></StgValue>
</operation>

<operation id="51" st_id="1" stage="1" lat="1">
<core>Cmp</core>
<MemPortIdVec></MemPortIdVec>
<condition id="-1">
<or_exp><and_exp></and_exp></or_exp>
</condition>

<Node id="12" bw="1" op_0_bw="16" op_1_bw="16">
<![CDATA[
:7  %tmp = icmp eq i16 %iter_read, 0

]]></Node>
<StgValue><ssdm name="tmp"/></StgValue>
</operation>

<operation id="52" st_id="1" stage="1" lat="1">
<core>NULL</core>
<MemPortIdVec></MemPortIdVec>
<condition id="-1">
<or_exp><and_exp></and_exp></or_exp>
</condition>

<Node id="13" bw="0" op_0_bw="0">
<![CDATA[
:8  br label %1

]]></Node>
<StgValue><ssdm name=""/></StgValue>
</operation>
</state>

<state id="2" st_id="2">

<operation id="53" st_id="2" stage="1" lat="1">
<core>NULL</core>
<MemPortIdVec></MemPortIdVec>
<condition id="-1">
<or_exp><and_exp></and_exp></or_exp>
</condition>

<Node id="15" bw="14" op_0_bw="14" op_1_bw="0">
<![CDATA[
:0  %j = phi i14 [ 0, %0 ], [ %j_1, %._crit_edge ]

]]></Node>
<StgValue><ssdm name="j"/></StgValue>
</operation>

<operation id="54" st_id="2" stage="1" lat="1">
<core>Cmp</core>
<MemPortIdVec></MemPortIdVec>
<condition id="-1">
<or_exp><and_exp></and_exp></or_exp>
</condition>

<Node id="16" bw="1" op_0_bw="14" op_1_bw="14">
<![CDATA[
:1  %exitcond1 = icmp eq i14 %j, -7383

]]></Node>
<StgValue><ssdm name="exitcond1"/></StgValue>
</operation>

<operation id="55" st_id="2" stage="1" lat="1">
<core>NULL</core>
<MemPortIdVec></MemPortIdVec>
<condition id="-1">
<or_exp><and_exp></and_exp></or_exp>
</condition>

<Node id="17" bw="32" op_0_bw="32" op_1_bw="64" op_2_bw="64" op_3_bw="64">
<![CDATA[
:2  %empty = call i32 (...)* @_ssdm_op_SpecLoopTripCount(i64 9001, i64 9001, i64 9001) nounwind

]]></Node>
<StgValue><ssdm name="empty"/></StgValue>
</operation>

<operation id="56" st_id="2" stage="1" lat="1">
<core>AddSub</core>
<MemPortIdVec></MemPortIdVec>
<condition id="-1">
<or_exp><and_exp></and_exp></or_exp>
</condition>

<Node id="18" bw="14" op_0_bw="14" op_1_bw="14">
<![CDATA[
:3  %j_1 = add i14 %j, 1

]]></Node>
<StgValue><ssdm name="j_1"/></StgValue>
</operation>

<operation id="57" st_id="2" stage="1" lat="1">
<core>NULL</core>
<MemPortIdVec></MemPortIdVec>
<condition id="-1">
<or_exp><and_exp></and_exp></or_exp>
</condition>

<Node id="19" bw="0" op_0_bw="1" op_1_bw="0" op_2_bw="0">
<![CDATA[
:4  br i1 %exitcond1, label %4, label %2

]]></Node>
<StgValue><ssdm name=""/></StgValue>
</operation>

<operation id="58" st_id="2" stage="1" lat="1">
<core>NULL</core>
<MemPortIdVec></MemPortIdVec>
<condition id="-1">
<or_exp><and_exp><literal name="exitcond1" val="0"/>
</and_exp></or_exp>
</condition>

<Node id="21" bw="0" op_0_bw="0" op_1_bw="0">
<![CDATA[
:0  call void (...)* @_ssdm_op_SpecLoopName([6 x i8]* @p_str) nounwind

]]></Node>
<StgValue><ssdm name=""/></StgValue>
</operation>

<operation id="59" st_id="2" stage="1" lat="1">
<core>NULL</core>
<MemPortIdVec></MemPortIdVec>
<condition id="-1">
<or_exp><and_exp><literal name="exitcond1" val="0"/>
</and_exp></or_exp>
</condition>

<Node id="22" bw="0" op_0_bw="1" op_1_bw="0" op_2_bw="0">
<![CDATA[
:1  br i1 %tmp, label %3, label %._crit_edge

]]></Node>
<StgValue><ssdm name=""/></StgValue>
</operation>

<operation id="60" st_id="2" stage="1" lat="1">
<core>NULL</core>
<MemPortIdVec></MemPortIdVec>
<condition id="-1">
<or_exp><and_exp><literal name="exitcond1" val="0"/>
<literal name="tmp" val="1"/>
</and_exp></or_exp>
</condition>

<Node id="24" bw="64" op_0_bw="14">
<![CDATA[
:0  %tmp_5 = zext i14 %j to i64

]]></Node>
<StgValue><ssdm name="tmp_5"/></StgValue>
</operation>

<operation id="61" st_id="2" stage="1" lat="1">
<core>NULL</core>
<MemPortIdVec></MemPortIdVec>
<condition id="-1">
<or_exp><and_exp><literal name="exitcond1" val="0"/>
<literal name="tmp" val="1"/>
</and_exp></or_exp>
</condition>

<Node id="25" bw="14" op_0_bw="16" op_1_bw="64" op_2_bw="64">
<![CDATA[
:1  %coe_addr_1 = getelementptr inbounds [9001 x i16]* %coe, i64 0, i64 %tmp_5

]]></Node>
<StgValue><ssdm name="coe_addr_1"/></StgValue>
</operation>

<operation id="62" st_id="2" stage="1" lat="1">
<core>RAM</core>
<MemPortIdVec></MemPortIdVec>
<condition id="-1">
<or_exp><and_exp><literal name="exitcond1" val="0"/>
<literal name="tmp" val="1"/>
</and_exp></or_exp>
</condition>

<Node id="26" bw="0" op_0_bw="16" op_1_bw="14">
<![CDATA[
:2  store i16 0, i16* %coe_addr_1, align 2

]]></Node>
<StgValue><ssdm name=""/></StgValue>
</operation>

<operation id="63" st_id="2" stage="1" lat="1">
<core>NULL</core>
<MemPortIdVec></MemPortIdVec>
<condition id="-1">
<or_exp><and_exp><literal name="exitcond1" val="0"/>
<literal name="tmp" val="1"/>
</and_exp></or_exp>
</condition>

<Node id="27" bw="0" op_0_bw="0">
<![CDATA[
:3  br label %._crit_edge

]]></Node>
<StgValue><ssdm name=""/></StgValue>
</operation>

<operation id="64" st_id="2" stage="1" lat="1">
<core>NULL</core>
<MemPortIdVec></MemPortIdVec>
<condition id="-1">
<or_exp><and_exp><literal name="exitcond1" val="0"/>
</and_exp></or_exp>
</condition>

<Node id="29" bw="0" op_0_bw="0">
<![CDATA[
._crit_edge:0  br label %1

]]></Node>
<StgValue><ssdm name=""/></StgValue>
</operation>

<operation id="65" st_id="2" stage="2" lat="2">
<core>RAM</core>
<MemPortIdVec></MemPortIdVec>
<condition id="-1">
<or_exp><and_exp><literal name="exitcond1" val="1"/>
</and_exp></or_exp>
</condition>

<Node id="31" bw="16" op_0_bw="16">
<![CDATA[
:0  %data_reg_load = load i16* getelementptr inbounds ([9000 x i16]* @data_reg, i64 0, i64 8999), align 2

]]></Node>
<StgValue><ssdm name="data_reg_load"/></StgValue>
</operation>

<operation id="66" st_id="2" stage="1" lat="1">
<core>NULL</core>
<MemPortIdVec></MemPortIdVec>
<condition id="-1">
<or_exp><and_exp><literal name="exitcond1" val="1"/>
</and_exp></or_exp>
</condition>

<Node id="33" bw="14" op_0_bw="16" op_1_bw="64" op_2_bw="64">
<![CDATA[
:2  %coe_addr = getelementptr inbounds [9001 x i16]* %coe, i64 0, i64 9000

]]></Node>
<StgValue><ssdm name="coe_addr"/></StgValue>
</operation>

<operation id="67" st_id="2" stage="2" lat="2">
<core>RAM</core>
<MemPortIdVec></MemPortIdVec>
<condition id="-1">
<or_exp><and_exp><literal name="exitcond1" val="1"/>
</and_exp></or_exp>
</condition>

<Node id="34" bw="16" op_0_bw="14">
<![CDATA[
:3  %coe_load = load i16* %coe_addr, align 16

]]></Node>
<StgValue><ssdm name="coe_load"/></StgValue>
</operation>
</state>

<state id="3" st_id="3">

<operation id="68" st_id="3" stage="1" lat="2">
<core>RAM</core>
<MemPortIdVec></MemPortIdVec>
<condition id="-1">
<or_exp><and_exp></and_exp></or_exp>
</condition>

<Node id="31" bw="16" op_0_bw="16">
<![CDATA[
:0  %data_reg_load = load i16* getelementptr inbounds ([9000 x i16]* @data_reg, i64 0, i64 8999), align 2

]]></Node>
<StgValue><ssdm name="data_reg_load"/></StgValue>
</operation>

<operation id="69" st_id="3" stage="1" lat="2">
<core>RAM</core>
<MemPortIdVec></MemPortIdVec>
<condition id="-1">
<or_exp><and_exp></and_exp></or_exp>
</condition>

<Node id="34" bw="16" op_0_bw="14">
<![CDATA[
:3  %coe_load = load i16* %coe_addr, align 16

]]></Node>
<StgValue><ssdm name="coe_load"/></StgValue>
</operation>
</state>

<state id="4" st_id="4">

<operation id="70" st_id="4" stage="1" lat="1">
<core>NULL</core>
<MemPortIdVec></MemPortIdVec>
<condition id="-1">
<or_exp><and_exp></and_exp></or_exp>
</condition>

<Node id="32" bw="32" op_0_bw="16">
<![CDATA[
:1  %tmp_1_cast = sext i16 %data_reg_load to i32

]]></Node>
<StgValue><ssdm name="tmp_1_cast"/></StgValue>
</operation>

<operation id="71" st_id="4" stage="1" lat="1">
<core>NULL</core>
<MemPortIdVec></MemPortIdVec>
<condition id="-1">
<or_exp><and_exp></and_exp></or_exp>
</condition>

<Node id="35" bw="32" op_0_bw="16">
<![CDATA[
:4  %tmp_2_cast = sext i16 %coe_load to i32

]]></Node>
<StgValue><ssdm name="tmp_2_cast"/></StgValue>
</operation>

<operation id="72" st_id="4" stage="1" lat="1">
<core>DSP48</core>
<MemPortIdVec></MemPortIdVec>
<condition id="-1">
<or_exp><and_exp></and_exp></or_exp>
</condition>

<Node id="36" bw="32" op_0_bw="32" op_1_bw="32">
<![CDATA[
:5  %out = mul i32 %tmp_2_cast, %tmp_1_cast

]]></Node>
<StgValue><ssdm name="out"/></StgValue>
</operation>
</state>

<state id="5" st_id="5">

<operation id="73" st_id="5" stage="1" lat="1">
<core>NULL</core>
<MemPortIdVec></MemPortIdVec>
<condition id="-1">
<or_exp><and_exp></and_exp></or_exp>
</condition>

<Node id="37" bw="38" op_0_bw="32">
<![CDATA[
:6  %out_cast = sext i32 %out to i38

]]></Node>
<StgValue><ssdm name="out_cast"/></StgValue>
</operation>

<operation id="74" st_id="5" stage="1" lat="1">
<core>NULL</core>
<MemPortIdVec></MemPortIdVec>
<condition id="-1">
<or_exp><and_exp></and_exp></or_exp>
</condition>

<Node id="38" bw="0" op_0_bw="0">
<![CDATA[
:7  br label %5

]]></Node>
<StgValue><ssdm name=""/></StgValue>
</operation>
</state>

<state id="6" st_id="6">

<operation id="75" st_id="6" stage="1" lat="1">
<core>NULL</core>
<MemPortIdVec></MemPortIdVec>
<condition id="-1">
<or_exp><and_exp></and_exp></or_exp>
</condition>

<Node id="40" bw="38" op_0_bw="38" op_1_bw="0">
<![CDATA[
:0  %out1 = phi i38 [ %out_cast, %4 ], [ %out_2, %6 ]

]]></Node>
<StgValue><ssdm name="out1"/></StgValue>
</operation>

<operation id="76" st_id="6" stage="1" lat="1">
<core>NULL</core>
<MemPortIdVec></MemPortIdVec>
<condition id="-1">
<or_exp><and_exp></and_exp></or_exp>
</condition>

<Node id="41" bw="14" op_0_bw="14" op_1_bw="0">
<![CDATA[
:1  %i = phi i14 [ -7385, %4 ], [ %i_1, %6 ]

]]></Node>
<StgValue><ssdm name="i"/></StgValue>
</operation>

<operation id="77" st_id="6" stage="1" lat="1">
<core>Cmp</core>
<MemPortIdVec></MemPortIdVec>
<condition id="-1">
<or_exp><and_exp></and_exp></or_exp>
</condition>

<Node id="42" bw="1" op_0_bw="14" op_1_bw="14">
<![CDATA[
:2  %tmp_4 = icmp eq i14 %i, 0

]]></Node>
<StgValue><ssdm name="tmp_4"/></StgValue>
</operation>

<operation id="78" st_id="6" stage="1" lat="1">
<core>NULL</core>
<MemPortIdVec></MemPortIdVec>
<condition id="-1">
<or_exp><and_exp></and_exp></or_exp>
</condition>

<Node id="43" bw="32" op_0_bw="32" op_1_bw="64" op_2_bw="64" op_3_bw="64">
<![CDATA[
:3  %empty_11 = call i32 (...)* @_ssdm_op_SpecLoopTripCount(i64 8999, i64 8999, i64 8999) nounwind

]]></Node>
<StgValue><ssdm name="empty_11"/></StgValue>
</operation>

<operation id="79" st_id="6" stage="1" lat="1">
<core>NULL</core>
<MemPortIdVec></MemPortIdVec>
<condition id="-1">
<or_exp><and_exp></and_exp></or_exp>
</condition>

<Node id="44" bw="0" op_0_bw="1" op_1_bw="0" op_2_bw="0">
<![CDATA[
:4  br i1 %tmp_4, label %7, label %6

]]></Node>
<StgValue><ssdm name=""/></StgValue>
</operation>

<operation id="80" st_id="6" stage="1" lat="1">
<core>AddSub</core>
<MemPortIdVec></MemPortIdVec>
<condition id="-1">
<or_exp><and_exp><literal name="tmp_4" val="0"/>
</and_exp></or_exp>
</condition>

<Node id="47" bw="14" op_0_bw="14" op_1_bw="14">
<![CDATA[
:1  %i_1 = add i14 %i, -1

]]></Node>
<StgValue><ssdm name="i_1"/></StgValue>
</operation>

<operation id="81" st_id="6" stage="1" lat="1">
<core>NULL</core>
<MemPortIdVec></MemPortIdVec>
<condition id="-1">
<or_exp><and_exp><literal name="tmp_4" val="0"/>
</and_exp></or_exp>
</condition>

<Node id="48" bw="64" op_0_bw="14">
<![CDATA[
:2  %tmp_s = zext i14 %i_1 to i64

]]></Node>
<StgValue><ssdm name="tmp_s"/></StgValue>
</operation>

<operation id="82" st_id="6" stage="1" lat="1">
<core>NULL</core>
<MemPortIdVec></MemPortIdVec>
<condition id="-1">
<or_exp><and_exp><literal name="tmp_4" val="0"/>
</and_exp></or_exp>
</condition>

<Node id="49" bw="14" op_0_bw="16" op_1_bw="64" op_2_bw="64">
<![CDATA[
:3  %data_reg_addr = getelementptr inbounds [9000 x i16]* @data_reg, i64 0, i64 %tmp_s

]]></Node>
<StgValue><ssdm name="data_reg_addr"/></StgValue>
</operation>

<operation id="83" st_id="6" stage="2" lat="2">
<core>RAM</core>
<MemPortIdVec></MemPortIdVec>
<condition id="-1">
<or_exp><and_exp><literal name="tmp_4" val="0"/>
</and_exp></or_exp>
</condition>

<Node id="50" bw="16" op_0_bw="14">
<![CDATA[
:4  %data_reg_load_1 = load i16* %data_reg_addr, align 2

]]></Node>
<StgValue><ssdm name="data_reg_load_1"/></StgValue>
</operation>

<operation id="84" st_id="6" stage="1" lat="1">
<core>NULL</core>
<MemPortIdVec></MemPortIdVec>
<condition id="-1">
<or_exp><and_exp><literal name="tmp_4" val="0"/>
</and_exp></or_exp>
</condition>

<Node id="52" bw="64" op_0_bw="14">
<![CDATA[
:6  %tmp_2 = zext i14 %i to i64

]]></Node>
<StgValue><ssdm name="tmp_2"/></StgValue>
</operation>

<operation id="85" st_id="6" stage="1" lat="1">
<core>NULL</core>
<MemPortIdVec></MemPortIdVec>
<condition id="-1">
<or_exp><and_exp><literal name="tmp_4" val="0"/>
</and_exp></or_exp>
</condition>

<Node id="53" bw="14" op_0_bw="16" op_1_bw="64" op_2_bw="64">
<![CDATA[
:7  %coe_addr_3 = getelementptr inbounds [9001 x i16]* %coe, i64 0, i64 %tmp_2

]]></Node>
<StgValue><ssdm name="coe_addr_3"/></StgValue>
</operation>

<operation id="86" st_id="6" stage="2" lat="2">
<core>RAM</core>
<MemPortIdVec></MemPortIdVec>
<condition id="-1">
<or_exp><and_exp><literal name="tmp_4" val="0"/>
</and_exp></or_exp>
</condition>

<Node id="54" bw="16" op_0_bw="14">
<![CDATA[
:8  %coe_load_2 = load i16* %coe_addr_3, align 2

]]></Node>
<StgValue><ssdm name="coe_load_2"/></StgValue>
</operation>

<operation id="87" st_id="6" stage="1" lat="1">
<core>NULL</core>
<MemPortIdVec></MemPortIdVec>
<condition id="-1">
<or_exp><and_exp><literal name="tmp_4" val="1"/>
</and_exp></or_exp>
</condition>

<Node id="65" bw="14" op_0_bw="16" op_1_bw="64" op_2_bw="64">
<![CDATA[
:2  %coe_addr_2 = getelementptr inbounds [9001 x i16]* %coe, i64 0, i64 0

]]></Node>
<StgValue><ssdm name="coe_addr_2"/></StgValue>
</operation>

<operation id="88" st_id="6" stage="2" lat="2">
<core>RAM</core>
<MemPortIdVec></MemPortIdVec>
<condition id="-1">
<or_exp><and_exp><literal name="tmp_4" val="1"/>
</and_exp></or_exp>
</condition>

<Node id="66" bw="16" op_0_bw="14">
<![CDATA[
:3  %coe_load_1 = load i16* %coe_addr_2, align 16

]]></Node>
<StgValue><ssdm name="coe_load_1"/></StgValue>
</operation>
</state>

<state id="7" st_id="7">

<operation id="89" st_id="7" stage="1" lat="2">
<core>RAM</core>
<MemPortIdVec></MemPortIdVec>
<condition id="-1">
<or_exp><and_exp></and_exp></or_exp>
</condition>

<Node id="50" bw="16" op_0_bw="14">
<![CDATA[
:4  %data_reg_load_1 = load i16* %data_reg_addr, align 2

]]></Node>
<StgValue><ssdm name="data_reg_load_1"/></StgValue>
</operation>

<operation id="90" st_id="7" stage="1" lat="2">
<core>RAM</core>
<MemPortIdVec></MemPortIdVec>
<condition id="-1">
<or_exp><and_exp></and_exp></or_exp>
</condition>

<Node id="54" bw="16" op_0_bw="14">
<![CDATA[
:8  %coe_load_2 = load i16* %coe_addr_3, align 2

]]></Node>
<StgValue><ssdm name="coe_load_2"/></StgValue>
</operation>

<operation id="91" st_id="7" stage="1" lat="1">
<core>NULL</core>
<MemPortIdVec></MemPortIdVec>
<condition id="-1">
<or_exp><and_exp></and_exp></or_exp>
</condition>

<Node id="59" bw="14" op_0_bw="16" op_1_bw="64" op_2_bw="64">
<![CDATA[
:13  %data_reg_addr_1 = getelementptr inbounds [9000 x i16]* @data_reg, i64 0, i64 %tmp_2

]]></Node>
<StgValue><ssdm name="data_reg_addr_1"/></StgValue>
</operation>

<operation id="92" st_id="7" stage="1" lat="1">
<core>RAM</core>
<MemPortIdVec></MemPortIdVec>
<condition id="-1">
<or_exp><and_exp></and_exp></or_exp>
</condition>

<Node id="60" bw="0" op_0_bw="16" op_1_bw="14">
<![CDATA[
:14  store i16 %data_reg_load_1, i16* %data_reg_addr_1, align 2

]]></Node>
<StgValue><ssdm name=""/></StgValue>
</operation>
</state>

<state id="8" st_id="8">

<operation id="93" st_id="8" stage="1" lat="1">
<core>NULL</core>
<MemPortIdVec></MemPortIdVec>
<condition id="-1">
<or_exp><and_exp></and_exp></or_exp>
</condition>

<Node id="46" bw="0" op_0_bw="0" op_1_bw="0">
<![CDATA[
:0  call void (...)* @_ssdm_op_SpecLoopName([6 x i8]* @p_str1) nounwind

]]></Node>
<StgValue><ssdm name=""/></StgValue>
</operation>

<operation id="94" st_id="8" stage="1" lat="1">
<core>NULL</core>
<MemPortIdVec></MemPortIdVec>
<condition id="-1">
<or_exp><and_exp></and_exp></or_exp>
</condition>

<Node id="51" bw="32" op_0_bw="16">
<![CDATA[
:5  %tmp_15_cast = sext i16 %data_reg_load_1 to i32

]]></Node>
<StgValue><ssdm name="tmp_15_cast"/></StgValue>
</operation>

<operation id="95" st_id="8" stage="1" lat="1">
<core>NULL</core>
<MemPortIdVec></MemPortIdVec>
<condition id="-1">
<or_exp><and_exp></and_exp></or_exp>
</condition>

<Node id="55" bw="32" op_0_bw="16">
<![CDATA[
:9  %tmp_17_cast = sext i16 %coe_load_2 to i32

]]></Node>
<StgValue><ssdm name="tmp_17_cast"/></StgValue>
</operation>

<operation id="96" st_id="8" stage="1" lat="1">
<core>DSP48</core>
<MemPortIdVec></MemPortIdVec>
<condition id="-1">
<or_exp><and_exp></and_exp></or_exp>
</condition>

<Node id="56" bw="32" op_0_bw="32" op_1_bw="32">
<![CDATA[
:10  %tmp_10 = mul i32 %tmp_15_cast, %tmp_17_cast

]]></Node>
<StgValue><ssdm name="tmp_10"/></StgValue>
</operation>

<operation id="97" st_id="8" stage="1" lat="1">
<core>NULL</core>
<MemPortIdVec></MemPortIdVec>
<condition id="-1">
<or_exp><and_exp></and_exp></or_exp>
</condition>

<Node id="57" bw="38" op_0_bw="32">
<![CDATA[
:11  %tmp_18_cast = sext i32 %tmp_10 to i38

]]></Node>
<StgValue><ssdm name="tmp_18_cast"/></StgValue>
</operation>

<operation id="98" st_id="8" stage="1" lat="1">
<core>DSP48</core>
<MemPortIdVec></MemPortIdVec>
<condition id="-1">
<or_exp><and_exp></and_exp></or_exp>
</condition>

<Node id="58" bw="38" op_0_bw="38" op_1_bw="38">
<![CDATA[
:12  %out_2 = add nsw i38 %tmp_18_cast, %out1

]]></Node>
<StgValue><ssdm name="out_2"/></StgValue>
</operation>

<operation id="99" st_id="8" stage="1" lat="1">
<core>NULL</core>
<MemPortIdVec></MemPortIdVec>
<condition id="-1">
<or_exp><and_exp></and_exp></or_exp>
</condition>

<Node id="61" bw="0" op_0_bw="0">
<![CDATA[
:15  br label %5

]]></Node>
<StgValue><ssdm name=""/></StgValue>
</operation>
</state>

<state id="9" st_id="9">

<operation id="100" st_id="9" stage="1" lat="2">
<core>RAM</core>
<MemPortIdVec></MemPortIdVec>
<condition id="-1">
<or_exp><and_exp></and_exp></or_exp>
</condition>

<Node id="66" bw="16" op_0_bw="14">
<![CDATA[
:3  %coe_load_1 = load i16* %coe_addr_2, align 16

]]></Node>
<StgValue><ssdm name="coe_load_1"/></StgValue>
</operation>
</state>

<state id="10" st_id="10">

<operation id="101" st_id="10" stage="1" lat="1">
<core>NULL</core>
<MemPortIdVec></MemPortIdVec>
<condition id="-1">
<or_exp><and_exp></and_exp></or_exp>
</condition>

<Node id="63" bw="31" op_0_bw="38">
<![CDATA[
:0  %tmp_15 = trunc i38 %out1 to i31

]]></Node>
<StgValue><ssdm name="tmp_15"/></StgValue>
</operation>

<operation id="102" st_id="10" stage="1" lat="1">
<core>NULL</core>
<MemPortIdVec></MemPortIdVec>
<condition id="-1">
<or_exp><and_exp></and_exp></or_exp>
</condition>

<Node id="64" bw="31" op_0_bw="16">
<![CDATA[
:1  %tmp_7_cast = sext i16 %x_read to i31

]]></Node>
<StgValue><ssdm name="tmp_7_cast"/></StgValue>
</operation>

<operation id="103" st_id="10" stage="1" lat="1">
<core>NULL</core>
<MemPortIdVec></MemPortIdVec>
<condition id="-1">
<or_exp><and_exp></and_exp></or_exp>
</condition>

<Node id="67" bw="31" op_0_bw="16">
<![CDATA[
:4  %tmp_8_cast = sext i16 %coe_load_1 to i31

]]></Node>
<StgValue><ssdm name="tmp_8_cast"/></StgValue>
</operation>

<operation id="104" st_id="10" stage="1" lat="1">
<core>DSP48</core>
<MemPortIdVec></MemPortIdVec>
<condition id="-1">
<or_exp><and_exp></and_exp></or_exp>
</condition>

<Node id="68" bw="31" op_0_bw="31" op_1_bw="31">
<![CDATA[
:5  %tmp_9 = mul i31 %tmp_8_cast, %tmp_7_cast

]]></Node>
<StgValue><ssdm name="tmp_9"/></StgValue>
</operation>

<operation id="105" st_id="10" stage="1" lat="1">
<core>DSP48</core>
<MemPortIdVec></MemPortIdVec>
<condition id="-1">
<or_exp><and_exp></and_exp></or_exp>
</condition>

<Node id="69" bw="31" op_0_bw="31" op_1_bw="31">
<![CDATA[
:6  %out_1 = add i31 %tmp_9, %tmp_15

]]></Node>
<StgValue><ssdm name="out_1"/></StgValue>
</operation>

<operation id="106" st_id="10" stage="1" lat="1">
<core>RAM</core>
<MemPortIdVec></MemPortIdVec>
<condition id="-1">
<or_exp><and_exp></and_exp></or_exp>
</condition>

<Node id="70" bw="0" op_0_bw="16" op_1_bw="16">
<![CDATA[
:7  store i16 %x_read, i16* getelementptr inbounds ([9000 x i16]* @data_reg, i64 0, i64 0), align 16

]]></Node>
<StgValue><ssdm name=""/></StgValue>
</operation>

<operation id="107" st_id="10" stage="1" lat="1">
<core>NULL</core>
<MemPortIdVec></MemPortIdVec>
<condition id="-1">
<or_exp><and_exp></and_exp></or_exp>
</condition>

<Node id="71" bw="16" op_0_bw="16" op_1_bw="31" op_2_bw="32" op_3_bw="32">
<![CDATA[
:8  %tmp_3 = call i16 @_ssdm_op_PartSelect.i16.i31.i32.i32(i31 %out_1, i32 15, i32 30)

]]></Node>
<StgValue><ssdm name="tmp_3"/></StgValue>
</operation>

<operation id="108" st_id="10" stage="1" lat="1">
<core>NULL</core>
<MemPortIdVec></MemPortIdVec>
<condition id="-1">
<or_exp><and_exp></and_exp></or_exp>
</condition>

<Node id="72" bw="0" op_0_bw="0" op_1_bw="16" op_2_bw="16">
<![CDATA[
:9  call void @_ssdm_op_Write.ap_auto.i16P(i16* %y, i16 %tmp_3) nounwind

]]></Node>
<StgValue><ssdm name=""/></StgValue>
</operation>

<operation id="109" st_id="10" stage="1" lat="1">
<core>NULL</core>
<MemPortIdVec></MemPortIdVec>
<condition id="-1">
<or_exp><and_exp></and_exp></or_exp>
</condition>

<Node id="73" bw="17" op_0_bw="16">
<![CDATA[
:10  %tmp_6_cast = sext i16 %x_read to i17

]]></Node>
<StgValue><ssdm name="tmp_6_cast"/></StgValue>
</operation>

<operation id="110" st_id="10" stage="1" lat="1">
<core>NULL</core>
<MemPortIdVec></MemPortIdVec>
<condition id="-1">
<or_exp><and_exp></and_exp></or_exp>
</condition>

<Node id="74" bw="17" op_0_bw="16">
<![CDATA[
:11  %tmp_10_cast = sext i16 %tmp_3 to i17

]]></Node>
<StgValue><ssdm name="tmp_10_cast"/></StgValue>
</operation>

<operation id="111" st_id="10" stage="1" lat="1">
<core>AddSub</core>
<MemPortIdVec></MemPortIdVec>
<condition id="-1">
<or_exp><and_exp></and_exp></or_exp>
</condition>

<Node id="75" bw="17" op_0_bw="17" op_1_bw="17">
<![CDATA[
:12  %sum = add i17 %tmp_10_cast, %tmp_6_cast

]]></Node>
<StgValue><ssdm name="sum"/></StgValue>
</operation>

<operation id="112" st_id="10" stage="1" lat="1">
<core>NULL</core>
<MemPortIdVec></MemPortIdVec>
<condition id="-1">
<or_exp><and_exp></and_exp></or_exp>
</condition>

<Node id="76" bw="18" op_0_bw="17">
<![CDATA[
:13  %sum_cast = sext i17 %sum to i18

]]></Node>
<StgValue><ssdm name="sum_cast"/></StgValue>
</operation>

<operation id="113" st_id="10" stage="1" lat="1">
<core>AddSub</core>
<MemPortIdVec></MemPortIdVec>
<condition id="-1">
<or_exp><and_exp></and_exp></or_exp>
</condition>

<Node id="77" bw="18" op_0_bw="18" op_1_bw="18">
<![CDATA[
:14  %tmp_1 = sub i18 0, %sum_cast

]]></Node>
<StgValue><ssdm name="tmp_1"/></StgValue>
</operation>

<operation id="114" st_id="10" stage="1" lat="1">
<core>NULL</core>
<MemPortIdVec></MemPortIdVec>
<condition id="-1">
<or_exp><and_exp></and_exp></or_exp>
</condition>

<Node id="78" bw="8" op_0_bw="8" op_1_bw="18" op_2_bw="32" op_3_bw="32">
<![CDATA[
:15  %tmp_6 = call i8 @_ssdm_op_PartSelect.i8.i18.i32.i32(i18 %tmp_1, i32 10, i32 17)

]]></Node>
<StgValue><ssdm name="tmp_6"/></StgValue>
</operation>
</state>

<state id="11" st_id="11">

<operation id="115" st_id="11" stage="1" lat="1">
<core>NULL</core>
<MemPortIdVec></MemPortIdVec>
<condition id="-1">
<or_exp><and_exp></and_exp></or_exp>
</condition>

<Node id="79" bw="32" op_0_bw="8">
<![CDATA[
:16  %tmp_18 = sext i8 %tmp_6 to i32

]]></Node>
<StgValue><ssdm name="tmp_18"/></StgValue>
</operation>

<operation id="116" st_id="11" stage="6" lat="6">
<core>Int2Double</core>
<MemPortIdVec></MemPortIdVec>
<condition id="-1">
<or_exp><and_exp></and_exp></or_exp>
</condition>

<Node id="80" bw="64" op_0_bw="32">
<![CDATA[
:17  %tmp_7 = sitofp i32 %tmp_18 to double

]]></Node>
<StgValue><ssdm name="tmp_7"/></StgValue>
</operation>
</state>

<state id="12" st_id="12">

<operation id="117" st_id="12" stage="5" lat="6">
<core>Int2Double</core>
<MemPortIdVec></MemPortIdVec>
<condition id="-1">
<or_exp><and_exp></and_exp></or_exp>
</condition>

<Node id="80" bw="64" op_0_bw="32">
<![CDATA[
:17  %tmp_7 = sitofp i32 %tmp_18 to double

]]></Node>
<StgValue><ssdm name="tmp_7"/></StgValue>
</operation>
</state>

<state id="13" st_id="13">

<operation id="118" st_id="13" stage="4" lat="6">
<core>Int2Double</core>
<MemPortIdVec></MemPortIdVec>
<condition id="-1">
<or_exp><and_exp></and_exp></or_exp>
</condition>

<Node id="80" bw="64" op_0_bw="32">
<![CDATA[
:17  %tmp_7 = sitofp i32 %tmp_18 to double

]]></Node>
<StgValue><ssdm name="tmp_7"/></StgValue>
</operation>
</state>

<state id="14" st_id="14">

<operation id="119" st_id="14" stage="3" lat="6">
<core>Int2Double</core>
<MemPortIdVec></MemPortIdVec>
<condition id="-1">
<or_exp><and_exp></and_exp></or_exp>
</condition>

<Node id="80" bw="64" op_0_bw="32">
<![CDATA[
:17  %tmp_7 = sitofp i32 %tmp_18 to double

]]></Node>
<StgValue><ssdm name="tmp_7"/></StgValue>
</operation>
</state>

<state id="15" st_id="15">

<operation id="120" st_id="15" stage="2" lat="6">
<core>Int2Double</core>
<MemPortIdVec></MemPortIdVec>
<condition id="-1">
<or_exp><and_exp></and_exp></or_exp>
</condition>

<Node id="80" bw="64" op_0_bw="32">
<![CDATA[
:17  %tmp_7 = sitofp i32 %tmp_18 to double

]]></Node>
<StgValue><ssdm name="tmp_7"/></StgValue>
</operation>
</state>

<state id="16" st_id="16">

<operation id="121" st_id="16" stage="1" lat="6">
<core>Int2Double</core>
<MemPortIdVec></MemPortIdVec>
<condition id="-1">
<or_exp><and_exp></and_exp></or_exp>
</condition>

<Node id="80" bw="64" op_0_bw="32">
<![CDATA[
:17  %tmp_7 = sitofp i32 %tmp_18 to double

]]></Node>
<StgValue><ssdm name="tmp_7"/></StgValue>
</operation>
</state>

<state id="17" st_id="17">

<operation id="122" st_id="17" stage="6" lat="6">
<core>DMul</core>
<MemPortIdVec></MemPortIdVec>
<condition id="-1">
<or_exp><and_exp></and_exp></or_exp>
</condition>

<Node id="81" bw="64" op_0_bw="64" op_1_bw="64">
<![CDATA[
:18  %tmp_8 = fmul double %tmp_7, 5.000000e-03

]]></Node>
<StgValue><ssdm name="tmp_8"/></StgValue>
</operation>
</state>

<state id="18" st_id="18">

<operation id="123" st_id="18" stage="5" lat="6">
<core>DMul</core>
<MemPortIdVec></MemPortIdVec>
<condition id="-1">
<or_exp><and_exp></and_exp></or_exp>
</condition>

<Node id="81" bw="64" op_0_bw="64" op_1_bw="64">
<![CDATA[
:18  %tmp_8 = fmul double %tmp_7, 5.000000e-03

]]></Node>
<StgValue><ssdm name="tmp_8"/></StgValue>
</operation>
</state>

<state id="19" st_id="19">

<operation id="124" st_id="19" stage="4" lat="6">
<core>DMul</core>
<MemPortIdVec></MemPortIdVec>
<condition id="-1">
<or_exp><and_exp></and_exp></or_exp>
</condition>

<Node id="81" bw="64" op_0_bw="64" op_1_bw="64">
<![CDATA[
:18  %tmp_8 = fmul double %tmp_7, 5.000000e-03

]]></Node>
<StgValue><ssdm name="tmp_8"/></StgValue>
</operation>
</state>

<state id="20" st_id="20">

<operation id="125" st_id="20" stage="3" lat="6">
<core>DMul</core>
<MemPortIdVec></MemPortIdVec>
<condition id="-1">
<or_exp><and_exp></and_exp></or_exp>
</condition>

<Node id="81" bw="64" op_0_bw="64" op_1_bw="64">
<![CDATA[
:18  %tmp_8 = fmul double %tmp_7, 5.000000e-03

]]></Node>
<StgValue><ssdm name="tmp_8"/></StgValue>
</operation>
</state>

<state id="21" st_id="21">

<operation id="126" st_id="21" stage="2" lat="6">
<core>DMul</core>
<MemPortIdVec></MemPortIdVec>
<condition id="-1">
<or_exp><and_exp></and_exp></or_exp>
</condition>

<Node id="81" bw="64" op_0_bw="64" op_1_bw="64">
<![CDATA[
:18  %tmp_8 = fmul double %tmp_7, 5.000000e-03

]]></Node>
<StgValue><ssdm name="tmp_8"/></StgValue>
</operation>
</state>

<state id="22" st_id="22">

<operation id="127" st_id="22" stage="1" lat="6">
<core>DMul</core>
<MemPortIdVec></MemPortIdVec>
<condition id="-1">
<or_exp><and_exp></and_exp></or_exp>
</condition>

<Node id="81" bw="64" op_0_bw="64" op_1_bw="64">
<![CDATA[
:18  %tmp_8 = fmul double %tmp_7, 5.000000e-03

]]></Node>
<StgValue><ssdm name="tmp_8"/></StgValue>
</operation>

<operation id="128" st_id="22" stage="1" lat="1">
<core>NULL</core>
<MemPortIdVec></MemPortIdVec>
<condition id="-1">
<or_exp><and_exp></and_exp></or_exp>
</condition>

<Node id="82" bw="0" op_0_bw="0">
<![CDATA[
:19  br label %8

]]></Node>
<StgValue><ssdm name=""/></StgValue>
</operation>
</state>

<state id="23" st_id="23">

<operation id="129" st_id="23" stage="1" lat="1">
<core>NULL</core>
<MemPortIdVec></MemPortIdVec>
<condition id="-1">
<or_exp><and_exp></and_exp></or_exp>
</condition>

<Node id="84" bw="14" op_0_bw="14" op_1_bw="0">
<![CDATA[
:0  %k = phi i14 [ 0, %7 ], [ %k_1, %9 ]

]]></Node>
<StgValue><ssdm name="k"/></StgValue>
</operation>

<operation id="130" st_id="23" stage="1" lat="1">
<core>Cmp</core>
<MemPortIdVec></MemPortIdVec>
<condition id="-1">
<or_exp><and_exp></and_exp></or_exp>
</condition>

<Node id="85" bw="1" op_0_bw="14" op_1_bw="14">
<![CDATA[
:1  %exitcond = icmp eq i14 %k, -7383

]]></Node>
<StgValue><ssdm name="exitcond"/></StgValue>
</operation>

<operation id="131" st_id="23" stage="1" lat="1">
<core>NULL</core>
<MemPortIdVec></MemPortIdVec>
<condition id="-1">
<or_exp><and_exp></and_exp></or_exp>
</condition>

<Node id="86" bw="32" op_0_bw="32" op_1_bw="64" op_2_bw="64" op_3_bw="64">
<![CDATA[
:2  %empty_12 = call i32 (...)* @_ssdm_op_SpecLoopTripCount(i64 9001, i64 9001, i64 9001) nounwind

]]></Node>
<StgValue><ssdm name="empty_12"/></StgValue>
</operation>

<operation id="132" st_id="23" stage="1" lat="1">
<core>AddSub</core>
<MemPortIdVec></MemPortIdVec>
<condition id="-1">
<or_exp><and_exp></and_exp></or_exp>
</condition>

<Node id="87" bw="14" op_0_bw="14" op_1_bw="14">
<![CDATA[
:3  %k_1 = add i14 %k, 1

]]></Node>
<StgValue><ssdm name="k_1"/></StgValue>
</operation>

<operation id="133" st_id="23" stage="1" lat="1">
<core>NULL</core>
<MemPortIdVec></MemPortIdVec>
<condition id="-1">
<or_exp><and_exp></and_exp></or_exp>
</condition>

<Node id="88" bw="0" op_0_bw="1" op_1_bw="0" op_2_bw="0">
<![CDATA[
:4  br i1 %exitcond, label %10, label %9

]]></Node>
<StgValue><ssdm name=""/></StgValue>
</operation>

<operation id="134" st_id="23" stage="1" lat="1">
<core>NULL</core>
<MemPortIdVec></MemPortIdVec>
<condition id="-1">
<or_exp><and_exp><literal name="exitcond" val="0"/>
</and_exp></or_exp>
</condition>

<Node id="91" bw="64" op_0_bw="14">
<![CDATA[
:1  %tmp_11 = zext i14 %k to i64

]]></Node>
<StgValue><ssdm name="tmp_11"/></StgValue>
</operation>

<operation id="135" st_id="23" stage="1" lat="1">
<core>NULL</core>
<MemPortIdVec></MemPortIdVec>
<condition id="-1">
<or_exp><and_exp><literal name="exitcond" val="0"/>
</and_exp></or_exp>
</condition>

<Node id="92" bw="14" op_0_bw="16" op_1_bw="64" op_2_bw="64">
<![CDATA[
:2  %coe_addr_4 = getelementptr inbounds [9001 x i16]* %coe, i64 0, i64 %tmp_11

]]></Node>
<StgValue><ssdm name="coe_addr_4"/></StgValue>
</operation>

<operation id="136" st_id="23" stage="1" lat="1">
<core>NULL</core>
<MemPortIdVec></MemPortIdVec>
<condition id="-1">
<or_exp><and_exp><literal name="exitcond" val="0"/>
</and_exp></or_exp>
</condition>

<Node id="96" bw="14" op_0_bw="16" op_1_bw="64" op_2_bw="64">
<![CDATA[
:6  %data_reg_addr_2 = getelementptr inbounds [9000 x i16]* @data_reg, i64 0, i64 %tmp_11

]]></Node>
<StgValue><ssdm name="data_reg_addr_2"/></StgValue>
</operation>

<operation id="137" st_id="23" stage="2" lat="2">
<core>RAM</core>
<MemPortIdVec></MemPortIdVec>
<condition id="-1">
<or_exp><and_exp><literal name="exitcond" val="0"/>
</and_exp></or_exp>
</condition>

<Node id="97" bw="16" op_0_bw="14">
<![CDATA[
:7  %data_reg_load_2 = load i16* %data_reg_addr_2, align 2

]]></Node>
<StgValue><ssdm name="data_reg_load_2"/></StgValue>
</operation>

<operation id="138" st_id="23" stage="1" lat="1">
<core>NULL</core>
<MemPortIdVec></MemPortIdVec>
<condition id="-1">
<or_exp><and_exp><literal name="exitcond" val="1"/>
</and_exp></or_exp>
</condition>

<Node id="128" bw="0">
<![CDATA[
:0  ret void

]]></Node>
<StgValue><ssdm name=""/></StgValue>
</operation>
</state>

<state id="24" st_id="24">

<operation id="139" st_id="24" stage="1" lat="2">
<core>RAM</core>
<MemPortIdVec></MemPortIdVec>
<condition id="-1">
<or_exp><and_exp></and_exp></or_exp>
</condition>

<Node id="97" bw="16" op_0_bw="14">
<![CDATA[
:7  %data_reg_load_2 = load i16* %data_reg_addr_2, align 2

]]></Node>
<StgValue><ssdm name="data_reg_load_2"/></StgValue>
</operation>
</state>

<state id="25" st_id="25">

<operation id="140" st_id="25" stage="1" lat="1">
<core>NULL</core>
<MemPortIdVec></MemPortIdVec>
<condition id="-1">
<or_exp><and_exp></and_exp></or_exp>
</condition>

<Node id="98" bw="32" op_0_bw="16">
<![CDATA[
:8  %tmp_20 = sext i16 %data_reg_load_2 to i32

]]></Node>
<StgValue><ssdm name="tmp_20"/></StgValue>
</operation>

<operation id="141" st_id="25" stage="6" lat="6">
<core>Int2Double</core>
<MemPortIdVec></MemPortIdVec>
<condition id="-1">
<or_exp><and_exp></and_exp></or_exp>
</condition>

<Node id="99" bw="64" op_0_bw="32">
<![CDATA[
:9  %tmp_13 = sitofp i32 %tmp_20 to double

]]></Node>
<StgValue><ssdm name="tmp_13"/></StgValue>
</operation>
</state>

<state id="26" st_id="26">

<operation id="142" st_id="26" stage="5" lat="6">
<core>Int2Double</core>
<MemPortIdVec></MemPortIdVec>
<condition id="-1">
<or_exp><and_exp></and_exp></or_exp>
</condition>

<Node id="99" bw="64" op_0_bw="32">
<![CDATA[
:9  %tmp_13 = sitofp i32 %tmp_20 to double

]]></Node>
<StgValue><ssdm name="tmp_13"/></StgValue>
</operation>
</state>

<state id="27" st_id="27">

<operation id="143" st_id="27" stage="4" lat="6">
<core>Int2Double</core>
<MemPortIdVec></MemPortIdVec>
<condition id="-1">
<or_exp><and_exp></and_exp></or_exp>
</condition>

<Node id="99" bw="64" op_0_bw="32">
<![CDATA[
:9  %tmp_13 = sitofp i32 %tmp_20 to double

]]></Node>
<StgValue><ssdm name="tmp_13"/></StgValue>
</operation>
</state>

<state id="28" st_id="28">

<operation id="144" st_id="28" stage="3" lat="6">
<core>Int2Double</core>
<MemPortIdVec></MemPortIdVec>
<condition id="-1">
<or_exp><and_exp></and_exp></or_exp>
</condition>

<Node id="99" bw="64" op_0_bw="32">
<![CDATA[
:9  %tmp_13 = sitofp i32 %tmp_20 to double

]]></Node>
<StgValue><ssdm name="tmp_13"/></StgValue>
</operation>
</state>

<state id="29" st_id="29">

<operation id="145" st_id="29" stage="2" lat="2">
<core>RAM</core>
<MemPortIdVec></MemPortIdVec>
<condition id="-1">
<or_exp><and_exp></and_exp></or_exp>
</condition>

<Node id="93" bw="16" op_0_bw="14">
<![CDATA[
:3  %coe_load_3 = load i16* %coe_addr_4, align 2

]]></Node>
<StgValue><ssdm name="coe_load_3"/></StgValue>
</operation>

<operation id="146" st_id="29" stage="2" lat="6">
<core>Int2Double</core>
<MemPortIdVec></MemPortIdVec>
<condition id="-1">
<or_exp><and_exp></and_exp></or_exp>
</condition>

<Node id="99" bw="64" op_0_bw="32">
<![CDATA[
:9  %tmp_13 = sitofp i32 %tmp_20 to double

]]></Node>
<StgValue><ssdm name="tmp_13"/></StgValue>
</operation>
</state>

<state id="30" st_id="30">

<operation id="147" st_id="30" stage="1" lat="2">
<core>RAM</core>
<MemPortIdVec></MemPortIdVec>
<condition id="-1">
<or_exp><and_exp></and_exp></or_exp>
</condition>

<Node id="93" bw="16" op_0_bw="14">
<![CDATA[
:3  %coe_load_3 = load i16* %coe_addr_4, align 2

]]></Node>
<StgValue><ssdm name="coe_load_3"/></StgValue>
</operation>

<operation id="148" st_id="30" stage="1" lat="6">
<core>Int2Double</core>
<MemPortIdVec></MemPortIdVec>
<condition id="-1">
<or_exp><and_exp></and_exp></or_exp>
</condition>

<Node id="99" bw="64" op_0_bw="32">
<![CDATA[
:9  %tmp_13 = sitofp i32 %tmp_20 to double

]]></Node>
<StgValue><ssdm name="tmp_13"/></StgValue>
</operation>
</state>

<state id="31" st_id="31">

<operation id="149" st_id="31" stage="1" lat="1">
<core>NULL</core>
<MemPortIdVec></MemPortIdVec>
<condition id="-1">
<or_exp><and_exp></and_exp></or_exp>
</condition>

<Node id="94" bw="32" op_0_bw="16">
<![CDATA[
:4  %tmp_19 = sext i16 %coe_load_3 to i32

]]></Node>
<StgValue><ssdm name="tmp_19"/></StgValue>
</operation>

<operation id="150" st_id="31" stage="6" lat="6">
<core>Int2Double</core>
<MemPortIdVec></MemPortIdVec>
<condition id="-1">
<or_exp><and_exp></and_exp></or_exp>
</condition>

<Node id="95" bw="64" op_0_bw="32">
<![CDATA[
:5  %tmp_12 = sitofp i32 %tmp_19 to double

]]></Node>
<StgValue><ssdm name="tmp_12"/></StgValue>
</operation>

<operation id="151" st_id="31" stage="6" lat="6">
<core>DMul</core>
<MemPortIdVec></MemPortIdVec>
<condition id="-1">
<or_exp><and_exp></and_exp></or_exp>
</condition>

<Node id="100" bw="64" op_0_bw="64" op_1_bw="64">
<![CDATA[
:10  %tmp_14 = fmul double %tmp_8, %tmp_13

]]></Node>
<StgValue><ssdm name="tmp_14"/></StgValue>
</operation>
</state>

<state id="32" st_id="32">

<operation id="152" st_id="32" stage="5" lat="6">
<core>Int2Double</core>
<MemPortIdVec></MemPortIdVec>
<condition id="-1">
<or_exp><and_exp></and_exp></or_exp>
</condition>

<Node id="95" bw="64" op_0_bw="32">
<![CDATA[
:5  %tmp_12 = sitofp i32 %tmp_19 to double

]]></Node>
<StgValue><ssdm name="tmp_12"/></StgValue>
</operation>

<operation id="153" st_id="32" stage="5" lat="6">
<core>DMul</core>
<MemPortIdVec></MemPortIdVec>
<condition id="-1">
<or_exp><and_exp></and_exp></or_exp>
</condition>

<Node id="100" bw="64" op_0_bw="64" op_1_bw="64">
<![CDATA[
:10  %tmp_14 = fmul double %tmp_8, %tmp_13

]]></Node>
<StgValue><ssdm name="tmp_14"/></StgValue>
</operation>
</state>

<state id="33" st_id="33">

<operation id="154" st_id="33" stage="4" lat="6">
<core>Int2Double</core>
<MemPortIdVec></MemPortIdVec>
<condition id="-1">
<or_exp><and_exp></and_exp></or_exp>
</condition>

<Node id="95" bw="64" op_0_bw="32">
<![CDATA[
:5  %tmp_12 = sitofp i32 %tmp_19 to double

]]></Node>
<StgValue><ssdm name="tmp_12"/></StgValue>
</operation>

<operation id="155" st_id="33" stage="4" lat="6">
<core>DMul</core>
<MemPortIdVec></MemPortIdVec>
<condition id="-1">
<or_exp><and_exp></and_exp></or_exp>
</condition>

<Node id="100" bw="64" op_0_bw="64" op_1_bw="64">
<![CDATA[
:10  %tmp_14 = fmul double %tmp_8, %tmp_13

]]></Node>
<StgValue><ssdm name="tmp_14"/></StgValue>
</operation>
</state>

<state id="34" st_id="34">

<operation id="156" st_id="34" stage="3" lat="6">
<core>Int2Double</core>
<MemPortIdVec></MemPortIdVec>
<condition id="-1">
<or_exp><and_exp></and_exp></or_exp>
</condition>

<Node id="95" bw="64" op_0_bw="32">
<![CDATA[
:5  %tmp_12 = sitofp i32 %tmp_19 to double

]]></Node>
<StgValue><ssdm name="tmp_12"/></StgValue>
</operation>

<operation id="157" st_id="34" stage="3" lat="6">
<core>DMul</core>
<MemPortIdVec></MemPortIdVec>
<condition id="-1">
<or_exp><and_exp></and_exp></or_exp>
</condition>

<Node id="100" bw="64" op_0_bw="64" op_1_bw="64">
<![CDATA[
:10  %tmp_14 = fmul double %tmp_8, %tmp_13

]]></Node>
<StgValue><ssdm name="tmp_14"/></StgValue>
</operation>
</state>

<state id="35" st_id="35">

<operation id="158" st_id="35" stage="2" lat="6">
<core>Int2Double</core>
<MemPortIdVec></MemPortIdVec>
<condition id="-1">
<or_exp><and_exp></and_exp></or_exp>
</condition>

<Node id="95" bw="64" op_0_bw="32">
<![CDATA[
:5  %tmp_12 = sitofp i32 %tmp_19 to double

]]></Node>
<StgValue><ssdm name="tmp_12"/></StgValue>
</operation>

<operation id="159" st_id="35" stage="2" lat="6">
<core>DMul</core>
<MemPortIdVec></MemPortIdVec>
<condition id="-1">
<or_exp><and_exp></and_exp></or_exp>
</condition>

<Node id="100" bw="64" op_0_bw="64" op_1_bw="64">
<![CDATA[
:10  %tmp_14 = fmul double %tmp_8, %tmp_13

]]></Node>
<StgValue><ssdm name="tmp_14"/></StgValue>
</operation>
</state>

<state id="36" st_id="36">

<operation id="160" st_id="36" stage="1" lat="6">
<core>Int2Double</core>
<MemPortIdVec></MemPortIdVec>
<condition id="-1">
<or_exp><and_exp></and_exp></or_exp>
</condition>

<Node id="95" bw="64" op_0_bw="32">
<![CDATA[
:5  %tmp_12 = sitofp i32 %tmp_19 to double

]]></Node>
<StgValue><ssdm name="tmp_12"/></StgValue>
</operation>

<operation id="161" st_id="36" stage="1" lat="6">
<core>DMul</core>
<MemPortIdVec></MemPortIdVec>
<condition id="-1">
<or_exp><and_exp></and_exp></or_exp>
</condition>

<Node id="100" bw="64" op_0_bw="64" op_1_bw="64">
<![CDATA[
:10  %tmp_14 = fmul double %tmp_8, %tmp_13

]]></Node>
<StgValue><ssdm name="tmp_14"/></StgValue>
</operation>
</state>

<state id="37" st_id="37">

<operation id="162" st_id="37" stage="5" lat="5">
<core>DAddSub</core>
<MemPortIdVec></MemPortIdVec>
<condition id="-1">
<or_exp><and_exp></and_exp></or_exp>
</condition>

<Node id="101" bw="64" op_0_bw="64" op_1_bw="64">
<![CDATA[
:11  %x_assign = fadd double %tmp_12, %tmp_14

]]></Node>
<StgValue><ssdm name="x_assign"/></StgValue>
</operation>
</state>

<state id="38" st_id="38">

<operation id="163" st_id="38" stage="4" lat="5">
<core>DAddSub</core>
<MemPortIdVec></MemPortIdVec>
<condition id="-1">
<or_exp><and_exp></and_exp></or_exp>
</condition>

<Node id="101" bw="64" op_0_bw="64" op_1_bw="64">
<![CDATA[
:11  %x_assign = fadd double %tmp_12, %tmp_14

]]></Node>
<StgValue><ssdm name="x_assign"/></StgValue>
</operation>
</state>

<state id="39" st_id="39">

<operation id="164" st_id="39" stage="3" lat="5">
<core>DAddSub</core>
<MemPortIdVec></MemPortIdVec>
<condition id="-1">
<or_exp><and_exp></and_exp></or_exp>
</condition>

<Node id="101" bw="64" op_0_bw="64" op_1_bw="64">
<![CDATA[
:11  %x_assign = fadd double %tmp_12, %tmp_14

]]></Node>
<StgValue><ssdm name="x_assign"/></StgValue>
</operation>
</state>

<state id="40" st_id="40">

<operation id="165" st_id="40" stage="2" lat="5">
<core>DAddSub</core>
<MemPortIdVec></MemPortIdVec>
<condition id="-1">
<or_exp><and_exp></and_exp></or_exp>
</condition>

<Node id="101" bw="64" op_0_bw="64" op_1_bw="64">
<![CDATA[
:11  %x_assign = fadd double %tmp_12, %tmp_14

]]></Node>
<StgValue><ssdm name="x_assign"/></StgValue>
</operation>
</state>

<state id="41" st_id="41">

<operation id="166" st_id="41" stage="1" lat="5">
<core>DAddSub</core>
<MemPortIdVec></MemPortIdVec>
<condition id="-1">
<or_exp><and_exp></and_exp></or_exp>
</condition>

<Node id="101" bw="64" op_0_bw="64" op_1_bw="64">
<![CDATA[
:11  %x_assign = fadd double %tmp_12, %tmp_14

]]></Node>
<StgValue><ssdm name="x_assign"/></StgValue>
</operation>
</state>

<state id="42" st_id="42">

<operation id="167" st_id="42" stage="1" lat="1">
<core>NULL</core>
<MemPortIdVec></MemPortIdVec>
<condition id="-1">
<or_exp><and_exp></and_exp></or_exp>
</condition>

<Node id="102" bw="64" op_0_bw="64">
<![CDATA[
:12  %p_Val2_s = bitcast double %x_assign to i64

]]></Node>
<StgValue><ssdm name="p_Val2_s"/></StgValue>
</operation>

<operation id="168" st_id="42" stage="1" lat="1">
<core>NULL</core>
<MemPortIdVec></MemPortIdVec>
<condition id="-1">
<or_exp><and_exp></and_exp></or_exp>
</condition>

<Node id="103" bw="1" op_0_bw="1" op_1_bw="64" op_2_bw="32">
<![CDATA[
:13  %p_Result_s = call i1 @_ssdm_op_BitSelect.i1.i64.i32(i64 %p_Val2_s, i32 63)

]]></Node>
<StgValue><ssdm name="p_Result_s"/></StgValue>
</operation>

<operation id="169" st_id="42" stage="1" lat="1">
<core>NULL</core>
<MemPortIdVec></MemPortIdVec>
<condition id="-1">
<or_exp><and_exp></and_exp></or_exp>
</condition>

<Node id="104" bw="11" op_0_bw="11" op_1_bw="64" op_2_bw="32" op_3_bw="32">
<![CDATA[
:14  %tmp_V = call i11 @_ssdm_op_PartSelect.i11.i64.i32.i32(i64 %p_Val2_s, i32 52, i32 62) nounwind

]]></Node>
<StgValue><ssdm name="tmp_V"/></StgValue>
</operation>

<operation id="170" st_id="42" stage="1" lat="1">
<core>NULL</core>
<MemPortIdVec></MemPortIdVec>
<condition id="-1">
<or_exp><and_exp></and_exp></or_exp>
</condition>

<Node id="105" bw="52" op_0_bw="64">
<![CDATA[
:15  %tmp_V_1 = trunc i64 %p_Val2_s to i52

]]></Node>
<StgValue><ssdm name="tmp_V_1"/></StgValue>
</operation>

<operation id="171" st_id="42" stage="1" lat="1">
<core>NULL</core>
<MemPortIdVec></MemPortIdVec>
<condition id="-1">
<or_exp><and_exp></and_exp></or_exp>
</condition>

<Node id="106" bw="54" op_0_bw="54" op_1_bw="1" op_2_bw="52" op_3_bw="1">
<![CDATA[
:16  %mantissa_V = call i54 @_ssdm_op_BitConcatenate.i54.i1.i52.i1(i1 true, i52 %tmp_V_1, i1 false)

]]></Node>
<StgValue><ssdm name="mantissa_V"/></StgValue>
</operation>

<operation id="172" st_id="42" stage="1" lat="1">
<core>NULL</core>
<MemPortIdVec></MemPortIdVec>
<condition id="-1">
<or_exp><and_exp></and_exp></or_exp>
</condition>

<Node id="107" bw="121" op_0_bw="54">
<![CDATA[
:17  %mantissa_V_1_cast = zext i54 %mantissa_V to i121

]]></Node>
<StgValue><ssdm name="mantissa_V_1_cast"/></StgValue>
</operation>

<operation id="173" st_id="42" stage="1" lat="1">
<core>NULL</core>
<MemPortIdVec></MemPortIdVec>
<condition id="-1">
<or_exp><and_exp></and_exp></or_exp>
</condition>

<Node id="108" bw="12" op_0_bw="11">
<![CDATA[
:18  %tmp_i_i_i_i_cast1 = zext i11 %tmp_V to i12

]]></Node>
<StgValue><ssdm name="tmp_i_i_i_i_cast1"/></StgValue>
</operation>

<operation id="174" st_id="42" stage="1" lat="1">
<core>AddSub</core>
<MemPortIdVec></MemPortIdVec>
<condition id="-1">
<or_exp><and_exp></and_exp></or_exp>
</condition>

<Node id="109" bw="12" op_0_bw="12" op_1_bw="12">
<![CDATA[
:19  %sh_assign = add i12 -1023, %tmp_i_i_i_i_cast1

]]></Node>
<StgValue><ssdm name="sh_assign"/></StgValue>
</operation>

<operation id="175" st_id="42" stage="1" lat="1">
<core>NULL</core>
<MemPortIdVec></MemPortIdVec>
<condition id="-1">
<or_exp><and_exp></and_exp></or_exp>
</condition>

<Node id="110" bw="1" op_0_bw="1" op_1_bw="12" op_2_bw="32">
<![CDATA[
:20  %isNeg = call i1 @_ssdm_op_BitSelect.i1.i12.i32(i12 %sh_assign, i32 11)

]]></Node>
<StgValue><ssdm name="isNeg"/></StgValue>
</operation>

<operation id="176" st_id="42" stage="1" lat="1">
<core>AddSub</core>
<MemPortIdVec></MemPortIdVec>
<condition id="-1">
<or_exp><and_exp></and_exp></or_exp>
</condition>

<Node id="111" bw="11" op_0_bw="11" op_1_bw="11">
<![CDATA[
:21  %tmp_i_i_i = sub i11 1023, %tmp_V

]]></Node>
<StgValue><ssdm name="tmp_i_i_i"/></StgValue>
</operation>

<operation id="177" st_id="42" stage="1" lat="1">
<core>NULL</core>
<MemPortIdVec></MemPortIdVec>
<condition id="-1">
<or_exp><and_exp></and_exp></or_exp>
</condition>

<Node id="112" bw="12" op_0_bw="11">
<![CDATA[
:22  %tmp_i_i_i_cast = sext i11 %tmp_i_i_i to i12

]]></Node>
<StgValue><ssdm name="tmp_i_i_i_cast"/></StgValue>
</operation>

<operation id="178" st_id="42" stage="1" lat="1">
<core>Sel</core>
<MemPortIdVec></MemPortIdVec>
<condition id="-1">
<or_exp><and_exp></and_exp></or_exp>
</condition>

<Node id="113" bw="12" op_0_bw="1" op_1_bw="12" op_2_bw="12">
<![CDATA[
:23  %ush = select i1 %isNeg, i12 %tmp_i_i_i_cast, i12 %sh_assign

]]></Node>
<StgValue><ssdm name="ush"/></StgValue>
</operation>

<operation id="179" st_id="42" stage="1" lat="1">
<core>NULL</core>
<MemPortIdVec></MemPortIdVec>
<condition id="-1">
<or_exp><and_exp></and_exp></or_exp>
</condition>

<Node id="114" bw="32" op_0_bw="12">
<![CDATA[
:24  %sh_assign_2_cast = sext i12 %ush to i32

]]></Node>
<StgValue><ssdm name="sh_assign_2_cast"/></StgValue>
</operation>

<operation id="180" st_id="42" stage="1" lat="1">
<core>NULL</core>
<MemPortIdVec></MemPortIdVec>
<condition id="-1">
<or_exp><and_exp></and_exp></or_exp>
</condition>

<Node id="115" bw="121" op_0_bw="32">
<![CDATA[
:25  %tmp_i_i_i_13 = zext i32 %sh_assign_2_cast to i121

]]></Node>
<StgValue><ssdm name="tmp_i_i_i_13"/></StgValue>
</operation>

<operation id="181" st_id="42" stage="1" lat="1">
<core>NULL</core>
<MemPortIdVec></MemPortIdVec>
<condition id="-1">
<or_exp><and_exp></and_exp></or_exp>
</condition>

<Node id="116" bw="54" op_0_bw="32">
<![CDATA[
:26  %tmp_i_i_i_cast_14 = zext i32 %sh_assign_2_cast to i54

]]></Node>
<StgValue><ssdm name="tmp_i_i_i_cast_14"/></StgValue>
</operation>

<operation id="182" st_id="42" stage="1" lat="1">
<core>Shift</core>
<MemPortIdVec></MemPortIdVec>
<condition id="-1">
<or_exp><and_exp></and_exp></or_exp>
</condition>

<Node id="117" bw="54" op_0_bw="54" op_1_bw="54">
<![CDATA[
:27  %r_V = lshr i54 %mantissa_V, %tmp_i_i_i_cast_14

]]></Node>
<StgValue><ssdm name="r_V"/></StgValue>
</operation>

<operation id="183" st_id="42" stage="1" lat="1">
<core>Shift</core>
<MemPortIdVec></MemPortIdVec>
<condition id="-1">
<or_exp><and_exp></and_exp></or_exp>
</condition>

<Node id="118" bw="121" op_0_bw="121" op_1_bw="121">
<![CDATA[
:28  %r_V_1 = shl i121 %mantissa_V_1_cast, %tmp_i_i_i_13

]]></Node>
<StgValue><ssdm name="r_V_1"/></StgValue>
</operation>

<operation id="184" st_id="42" stage="1" lat="1">
<core>NULL</core>
<MemPortIdVec></MemPortIdVec>
<condition id="-1">
<or_exp><and_exp></and_exp></or_exp>
</condition>

<Node id="119" bw="1" op_0_bw="1" op_1_bw="54" op_2_bw="32">
<![CDATA[
:29  %tmp_24 = call i1 @_ssdm_op_BitSelect.i1.i54.i32(i54 %r_V, i32 53)

]]></Node>
<StgValue><ssdm name="tmp_24"/></StgValue>
</operation>

<operation id="185" st_id="42" stage="1" lat="1">
<core>NULL</core>
<MemPortIdVec></MemPortIdVec>
<condition id="-1">
<or_exp><and_exp></and_exp></or_exp>
</condition>

<Node id="120" bw="16" op_0_bw="1">
<![CDATA[
:30  %tmp_16 = zext i1 %tmp_24 to i16

]]></Node>
<StgValue><ssdm name="tmp_16"/></StgValue>
</operation>

<operation id="186" st_id="42" stage="1" lat="1">
<core>NULL</core>
<MemPortIdVec></MemPortIdVec>
<condition id="-1">
<or_exp><and_exp></and_exp></or_exp>
</condition>

<Node id="121" bw="16" op_0_bw="16" op_1_bw="121" op_2_bw="32" op_3_bw="32">
<![CDATA[
:31  %tmp_17 = call i16 @_ssdm_op_PartSelect.i16.i121.i32.i32(i121 %r_V_1, i32 53, i32 68)

]]></Node>
<StgValue><ssdm name="tmp_17"/></StgValue>
</operation>

<operation id="187" st_id="42" stage="1" lat="1">
<core>Sel</core>
<MemPortIdVec></MemPortIdVec>
<condition id="-1">
<or_exp><and_exp></and_exp></or_exp>
</condition>

<Node id="122" bw="16" op_0_bw="1" op_1_bw="16" op_2_bw="16">
<![CDATA[
:32  %p_Val2_5 = select i1 %isNeg, i16 %tmp_16, i16 %tmp_17

]]></Node>
<StgValue><ssdm name="p_Val2_5"/></StgValue>
</operation>
</state>

<state id="43" st_id="43">

<operation id="188" st_id="43" stage="1" lat="1">
<core>NULL</core>
<MemPortIdVec></MemPortIdVec>
<condition id="-1">
<or_exp><and_exp></and_exp></or_exp>
</condition>

<Node id="90" bw="0" op_0_bw="0" op_1_bw="0">
<![CDATA[
:0  call void (...)* @_ssdm_op_SpecLoopName([6 x i8]* @p_str2) nounwind

]]></Node>
<StgValue><ssdm name=""/></StgValue>
</operation>

<operation id="189" st_id="43" stage="1" lat="1">
<core>AddSub</core>
<MemPortIdVec></MemPortIdVec>
<condition id="-1">
<or_exp><and_exp><literal name="p_Result_s" val="1"/>
</and_exp></or_exp>
</condition>

<Node id="123" bw="16" op_0_bw="16" op_1_bw="16">
<![CDATA[
:33  %result_V_1 = sub i16 0, %p_Val2_5

]]></Node>
<StgValue><ssdm name="result_V_1"/></StgValue>
</operation>

<operation id="190" st_id="43" stage="1" lat="1">
<core>Sel</core>
<MemPortIdVec></MemPortIdVec>
<condition id="-1">
<or_exp><and_exp></and_exp></or_exp>
</condition>

<Node id="124" bw="16" op_0_bw="1" op_1_bw="16" op_2_bw="16">
<![CDATA[
:34  %p_Val2_6 = select i1 %p_Result_s, i16 %result_V_1, i16 %p_Val2_5

]]></Node>
<StgValue><ssdm name="p_Val2_6"/></StgValue>
</operation>

<operation id="191" st_id="43" stage="1" lat="1">
<core>RAM</core>
<MemPortIdVec></MemPortIdVec>
<condition id="-1">
<or_exp><and_exp></and_exp></or_exp>
</condition>

<Node id="125" bw="0" op_0_bw="16" op_1_bw="14">
<![CDATA[
:35  store i16 %p_Val2_6, i16* %coe_addr_4, align 2

]]></Node>
<StgValue><ssdm name=""/></StgValue>
</operation>

<operation id="192" st_id="43" stage="1" lat="1">
<core>NULL</core>
<MemPortIdVec></MemPortIdVec>
<condition id="-1">
<or_exp><and_exp></and_exp></or_exp>
</condition>

<Node id="126" bw="0" op_0_bw="0">
<![CDATA[
:36  br label %8

]]></Node>
<StgValue><ssdm name=""/></StgValue>
</operation>
</state>
</state_list>


<ports>
</ports>


<dataflows>
</dataflows>


</stg>
