<profile>

<section name = "Vivado HLS Report for 'lms_track'" level="0">
<item name = "Date">Sat Feb 20 22:20:58 2021
</item>
<item name = "Version">2018.3 (Build 2405991 on Thu Dec 06 23:56:15 MST 2018)</item>
<item name = "Project">lms_project</item>
<item name = "Solution">solution1</item>
<item name = "Product family">zynq</item>
<item name = "Target device">xc7z020clg400-1</item>
</section>

<section name = "Performance Estimates" level="0">
<item name = "Timing (ns)">
<section name = "" level="1">
<item name = "Summary"><table name="" hasTotal="0">
<keys size="4">Clock, Target, Estimated, Uncertainty</keys>
<column name="ap_clk">10.00, 10.564, 1.25</column>
</table>
</item>
</section>
</item>
<item name = "Latency (clock cycles)">
<section name = "" level="1">
<item name = "Summary"><table name="" hasTotal="0">
<keys size="6">, min, max, min, max, Type</keys>
<column name="">225039, 225039, 225039, 225039, none</column>
</table>
</item>
<item name = "Detail">
<section name = "" level="1">
<item name = "Instance"><table name="" hasTotal="0">
<keys size="7">Instance, Module, min, max, min, max, Type</keys>
</table>
</item>
<item name = "Loop"><table name="" hasTotal="0">
<keys size="8">Loop Name, min, max, Latency, achieved, target, Count, Pipelined</keys>
<column name="- loop1">9001, 9001, 1, -, -, 9001, no</column>
<column name="- loop2">26997, 26997, 3, -, -, 8999, no</column>
<column name="- loop3">189021, 189021, 21, -, -, 9001, no</column>
</table>
</item>
</section>
</item>
</section>
</item>
</section>

<section name = "Utilization Estimates" level="0">
<item name = "Summary"><table name="" hasTotal="1">
<keys size="5">Name, BRAM_18K, DSP48E, FF, LUT</keys>
<column name="DSP">-, 3, -, -</column>
<column name="Expression">-, -, 0, 814</column>
<column name="FIFO">-, -, -, -</column>
<column name="Instance">-, 14, 1174, 2372</column>
<column name="Memory">32, -, 0, 0</column>
<column name="Multiplexer">-, -, -, 376</column>
<column name="Register">-, -, 525, -</column>
<specialColumn name="Available">280, 220, 106400, 53200</specialColumn>
<specialColumn name="Utilization (%)">11, 7, 1, 6</specialColumn>
</table>
</item>
<item name = "Detail">
<section name = "" level="1">
<item name = "Instance"><table name="" hasTotal="1">
<keys size="6">Instance, Module, BRAM_18K, DSP48E, FF, LUT</keys>
<column name="lms_track_dadd_64bkb_U1">lms_track_dadd_64bkb, 0, 3, 445, 1149</column>
<column name="lms_track_dmul_64cud_U2">lms_track_dmul_64cud, 0, 11, 317, 578</column>
<column name="lms_track_sitodp_dEe_U3">lms_track_sitodp_dEe, 0, 0, 412, 645</column>
</table>
</item>
<item name = "DSP48"><table name="" hasTotal="0">
<keys size="3">Instance, Module, Expression</keys>
<column name="lms_track_mac_mulfYi_U5">lms_track_mac_mulfYi, i0 * i1 + i2</column>
<column name="lms_track_mac_mulg8j_U6">lms_track_mac_mulg8j, i0 * i1 + i2</column>
<column name="lms_track_mul_muleOg_U4">lms_track_mul_muleOg, i0 * i1</column>
</table>
</item>
<item name = "Memory"><table name="" hasTotal="1">
<keys size="9">Memory, Module, BRAM_18K, FF, LUT, Words, Bits, Banks, W*Bits*Banks</keys>
<column name="coe_U">lms_track_coe, 16, 0, 0, 9001, 16, 1, 144016</column>
<column name="data_reg_U">lms_track_data_reg, 16, 0, 0, 9000, 16, 1, 144000</column>
</table>
</item>
<item name = "FIFO"><table name="" hasTotal="1">
<keys size="7">Name, BRAM_18K, FF, LUT, Depth, Bits, Size:D*B</keys>
</table>
</item>
<item name = "Expression"><table name="" hasTotal="1">
<keys size="7">Variable Name, Operation, DSP48E, FF, LUT, Bitwidth P0, Bitwidth P1</keys>
<column name="i_1_fu_309_p2">+, 0, 0, 19, 14, 2</column>
<column name="j_1_fu_281_p2">+, 0, 0, 19, 14, 1</column>
<column name="k_1_fu_397_p2">+, 0, 0, 19, 14, 1</column>
<column name="sh_assign_fu_462_p2">+, 0, 0, 12, 11, 12</column>
<column name="sum_fu_361_p2">+, 0, 0, 24, 17, 17</column>
<column name="result_V_1_fu_548_p2">-, 0, 0, 23, 1, 16</column>
<column name="tmp_1_fu_371_p2">-, 0, 0, 25, 1, 18</column>
<column name="tmp_i_i_i_fu_476_p2">-, 0, 0, 13, 10, 11</column>
<column name="exitcond1_fu_275_p2">icmp, 0, 0, 13, 14, 14</column>
<column name="exitcond_fu_391_p2">icmp, 0, 0, 13, 14, 14</column>
<column name="tmp_4_fu_303_p2">icmp, 0, 0, 13, 14, 1</column>
<column name="tmp_fu_269_p2">icmp, 0, 0, 13, 16, 1</column>
<column name="r_V_fu_506_p2">lshr, 0, 0, 162, 54, 54</column>
<column name="p_Val2_5_fu_540_p3">select, 0, 0, 16, 1, 16</column>
<column name="p_Val2_6_fu_553_p3">select, 0, 0, 16, 1, 16</column>
<column name="ush_fu_486_p3">select, 0, 0, 12, 1, 12</column>
<column name="r_V_1_fu_512_p2">shl, 0, 0, 402, 121, 121</column>
</table>
</item>
<item name = "Multiplexer"><table name="" hasTotal="1">
<keys size="5">Name, LUT, Input Size, Bits, Total Bits</keys>
<column name="ap_NS_fsm">193, 44, 1, 44</column>
<column name="coe_address0">33, 6, 14, 84</column>
<column name="coe_d0">15, 3, 16, 48</column>
<column name="data_reg_address0">33, 6, 14, 84</column>
<column name="data_reg_d0">15, 3, 16, 48</column>
<column name="grp_fu_246_p0">15, 3, 64, 192</column>
<column name="grp_fu_246_p1">15, 3, 64, 192</column>
<column name="grp_fu_251_p0">21, 4, 32, 128</column>
<column name="i_reg_220">9, 2, 14, 28</column>
<column name="j_reg_199">9, 2, 14, 28</column>
<column name="k_reg_231">9, 2, 14, 28</column>
<column name="out1_reg_210">9, 2, 38, 76</column>
</table>
</item>
<item name = "Register"><table name="" hasTotal="1">
<keys size="5">Name, FF, LUT, Bits, Const Bits</keys>
<column name="ap_CS_fsm">43, 0, 43, 0</column>
<column name="coe_addr_4_reg_673">14, 0, 14, 0</column>
<column name="i_1_reg_620">14, 0, 14, 0</column>
<column name="i_reg_220">14, 0, 14, 0</column>
<column name="j_reg_199">14, 0, 14, 0</column>
<column name="k_1_reg_668">14, 0, 14, 0</column>
<column name="k_reg_231">14, 0, 14, 0</column>
<column name="out1_reg_210">38, 0, 38, 0</column>
<column name="out_reg_607">32, 0, 32, 0</column>
<column name="p_Result_s_reg_703">1, 0, 1, 0</column>
<column name="p_Val2_5_reg_708">16, 0, 16, 0</column>
<column name="reg_254">16, 0, 16, 0</column>
<column name="reg_258">16, 0, 16, 0</column>
<column name="reg_262">64, 0, 64, 0</column>
<column name="tmp_14_reg_693">64, 0, 64, 0</column>
<column name="tmp_2_reg_630">14, 0, 64, 50</column>
<column name="tmp_6_reg_650">8, 0, 8, 0</column>
<column name="tmp_8_reg_660">64, 0, 64, 0</column>
<column name="tmp_reg_590">1, 0, 1, 0</column>
<column name="x_assign_reg_698">64, 0, 64, 0</column>
</table>
</item>
</section>
</item>
</section>

<section name = "Interface" level="0">
<item name = "Summary"><table name="" hasTotal="0">
<keys size="6">RTL Ports, Dir, Bits, Protocol, Source Object, C Type</keys>
<column name="ap_clk">in, 1, ap_ctrl_hs, lms_track, return value</column>
<column name="ap_rst">in, 1, ap_ctrl_hs, lms_track, return value</column>
<column name="ap_start">in, 1, ap_ctrl_hs, lms_track, return value</column>
<column name="ap_done">out, 1, ap_ctrl_hs, lms_track, return value</column>
<column name="ap_idle">out, 1, ap_ctrl_hs, lms_track, return value</column>
<column name="ap_ready">out, 1, ap_ctrl_hs, lms_track, return value</column>
<column name="y">out, 16, ap_vld, y, pointer</column>
<column name="y_ap_vld">out, 1, ap_vld, y, pointer</column>
<column name="x">in, 16, ap_none, x, scalar</column>
<column name="iter">in, 16, ap_none, iter, scalar</column>
</table>
</item>
</section>
</profile>
