<annotationInfo>
<annotationInfo>
<item  id="11" filename="lms_track.c" linenumber="11" name="coe" contextFuncName="lms_track" moduleName="lms_track" rtlName="coe_U" latency="0" BRAM="-1" DSP="-1" FF="-1" LUT="-1" fileDirectory="C:\xup\hls\labs\lms_lab"><\/item>
<item  id="12" filename="lms_track.c" linenumber="16" name="tmp" contextFuncName="lms_track" moduleName="lms_track" rtlName="tmp_fu_269_p2" latency="0" BRAM="-1" DSP="-1" FF="0" LUT="13" fileDirectory="C:\xup\hls\labs\lms_lab"><\/item>
<item  id="16" filename="lms_track.c" linenumber="14" name="exitcond1" contextFuncName="lms_track" moduleName="lms_track" rtlName="exitcond1_fu_275_p2" latency="0" BRAM="-1" DSP="-1" FF="0" LUT="13" fileDirectory="C:\xup\hls\labs\lms_lab"><\/item>
<item  id="18" filename="lms_track.c" linenumber="14" name="j_1" contextFuncName="lms_track" moduleName="lms_track" rtlName="j_1_fu_281_p2" latency="0" BRAM="-1" DSP="-1" FF="0" LUT="19" fileDirectory="C:\xup\hls\labs\lms_lab"><\/item>
<item  id="24" filename="lms_track.c" linenumber="17" name="tmp_5" contextFuncName="lms_track" moduleName="lms_track" rtlName="tmp_5_fu_287_p1" latency="0" BRAM="-1" DSP="-1" FF="-1" LUT="-1" fileDirectory="C:\xup\hls\labs\lms_lab"><\/item>
<item  id="36" filename="lms_track.c" linenumber="26" name="out" contextFuncName="lms_track" moduleName="lms_track" rtlName="lms_track_mul_muleOg_U4" latency="0" BRAM="-1" DSP="-1" FF="-1" LUT="-1" fileDirectory="C:\xup\hls\labs\lms_lab"><\/item>
<item  id="37" filename="lms_track.c" linenumber="26" name="out_cast" contextFuncName="lms_track" moduleName="lms_track" rtlName="out_cast_fu_300_p1" latency="0" BRAM="-1" DSP="-1" FF="-1" LUT="-1" fileDirectory="C:\xup\hls\labs\lms_lab"><\/item>
<item  id="42" filename="lms_track.c" linenumber="27" name="tmp_4" contextFuncName="lms_track" moduleName="lms_track" rtlName="tmp_4_fu_303_p2" latency="0" BRAM="-1" DSP="-1" FF="0" LUT="13" fileDirectory="C:\xup\hls\labs\lms_lab"><\/item>
<item  id="47" filename="lms_track.c" linenumber="29" name="i_1" contextFuncName="lms_track" moduleName="lms_track" rtlName="i_1_fu_309_p2" latency="0" BRAM="-1" DSP="-1" FF="0" LUT="19" fileDirectory="C:\xup\hls\labs\lms_lab"><\/item>
<item  id="48" filename="lms_track.c" linenumber="29" name="tmp_s" contextFuncName="lms_track" moduleName="lms_track" rtlName="tmp_s_fu_315_p1" latency="0" BRAM="-1" DSP="-1" FF="-1" LUT="-1" fileDirectory="C:\xup\hls\labs\lms_lab"><\/item>
<item  id="52" filename="lms_track.c" linenumber="29" name="tmp_2" contextFuncName="lms_track" moduleName="lms_track" rtlName="tmp_2_fu_320_p1" latency="0" BRAM="-1" DSP="-1" FF="-1" LUT="-1" fileDirectory="C:\xup\hls\labs\lms_lab"><\/item>
<item  id="56" filename="lms_track.c" linenumber="29" name="tmp_10" contextFuncName="lms_track" moduleName="lms_track" rtlName="lms_track_mac_mulfYi_U5" latency="0" BRAM="-1" DSP="-1" FF="-1" LUT="-1" fileDirectory="C:\xup\hls\labs\lms_lab"><\/item>
<item  id="57" filename="lms_track.c" linenumber="29" name="tmp_18_cast" contextFuncName="lms_track" moduleName="lms_track" rtlName="lms_track_mac_mulfYi_U5" latency="0" BRAM="-1" DSP="-1" FF="-1" LUT="-1" fileDirectory="C:\xup\hls\labs\lms_lab"><\/item>
<item  id="58" filename="lms_track.c" linenumber="29" name="out_2" contextFuncName="lms_track" moduleName="lms_track" rtlName="lms_track_mac_mulfYi_U5" latency="0" BRAM="-1" DSP="-1" FF="-1" LUT="-1" fileDirectory="C:\xup\hls\labs\lms_lab"><\/item>
<item  id="63" filename="lms_track.c" linenumber="27" name="tmp_15" contextFuncName="lms_track" moduleName="lms_track" rtlName="grp_fu_574_p2" latency="0" BRAM="-1" DSP="-1" FF="-1" LUT="-1" fileDirectory="C:\xup\hls\labs\lms_lab"><\/item>
<item  id="68" filename="lms_track.c" linenumber="33" name="tmp_9" contextFuncName="lms_track" moduleName="lms_track" rtlName="lms_track_mac_mulg8j_U6" latency="0" BRAM="-1" DSP="-1" FF="-1" LUT="-1" fileDirectory="C:\xup\hls\labs\lms_lab"><\/item>
<item  id="69" filename="lms_track.c" linenumber="33" name="out_1" contextFuncName="lms_track" moduleName="lms_track" rtlName="lms_track_mac_mulg8j_U6" latency="0" BRAM="-1" DSP="-1" FF="-1" LUT="-1" fileDirectory="C:\xup\hls\labs\lms_lab"><\/item>
<item  id="71" filename="lms_track.c" linenumber="35" name="tmp_3" contextFuncName="lms_track" moduleName="lms_track" rtlName="y" latency="0" BRAM="-1" DSP="-1" FF="-1" LUT="-1" fileDirectory="C:\xup\hls\labs\lms_lab"><\/item>
<item  id="73" filename="lms_track.c" linenumber="38" name="tmp_6_cast" contextFuncName="lms_track" moduleName="lms_track" rtlName="tmp_6_cast_fu_354_p1" latency="0" BRAM="-1" DSP="-1" FF="-1" LUT="-1" fileDirectory="C:\xup\hls\labs\lms_lab"><\/item>
<item  id="74" filename="lms_track.c" linenumber="38" name="tmp_10_cast" contextFuncName="lms_track" moduleName="lms_track" rtlName="tmp_10_cast_fu_357_p1" latency="0" BRAM="-1" DSP="-1" FF="-1" LUT="-1" fileDirectory="C:\xup\hls\labs\lms_lab"><\/item>
<item  id="75" filename="lms_track.c" linenumber="38" name="sum" contextFuncName="lms_track" moduleName="lms_track" rtlName="sum_fu_361_p2" latency="0" BRAM="-1" DSP="-1" FF="0" LUT="24" fileDirectory="C:\xup\hls\labs\lms_lab"><\/item>
<item  id="76" filename="lms_track.c" linenumber="38" name="sum_cast" contextFuncName="lms_track" moduleName="lms_track" rtlName="sum_cast_fu_367_p1" latency="0" BRAM="-1" DSP="-1" FF="-1" LUT="-1" fileDirectory="C:\xup\hls\labs\lms_lab"><\/item>
<item  id="77" filename="lms_track.c" linenumber="38" name="tmp_1" contextFuncName="lms_track" moduleName="lms_track" rtlName="tmp_1_fu_371_p2" latency="0" BRAM="-1" DSP="-1" FF="0" LUT="25" fileDirectory="C:\xup\hls\labs\lms_lab"><\/item>
<item  id="78" filename="lms_track.c" linenumber="39" name="tmp_6" contextFuncName="lms_track" moduleName="lms_track" rtlName="tmp_6_reg_650" latency="0" BRAM="-1" DSP="-1" FF="-1" LUT="-1" fileDirectory="C:\xup\hls\labs\lms_lab"><\/item>
<item  id="79" filename="lms_track.c" linenumber="43" name="tmp_18" contextFuncName="lms_track" moduleName="lms_track" rtlName="tmp_18_fu_387_p1" latency="0" BRAM="-1" DSP="-1" FF="-1" LUT="-1" fileDirectory="C:\xup\hls\labs\lms_lab"><\/item>
<item  id="80" filename="lms_track.c" linenumber="43" name="tmp_7" contextFuncName="lms_track" moduleName="lms_track" rtlName="lms_track_sitodp_dEe_U3" latency="5" BRAM="-1" DSP="-1" FF="-1" LUT="-1" fileDirectory="C:\xup\hls\labs\lms_lab"><\/item>
<item  id="81" filename="lms_track.c" linenumber="43" name="tmp_8" contextFuncName="lms_track" moduleName="lms_track" rtlName="lms_track_dmul_64cud_U2" latency="5" BRAM="-1" DSP="-1" FF="-1" LUT="-1" fileDirectory="C:\xup\hls\labs\lms_lab"><\/item>
<item  id="85" filename="lms_track.c" linenumber="41" name="exitcond" contextFuncName="lms_track" moduleName="lms_track" rtlName="exitcond_fu_391_p2" latency="0" BRAM="-1" DSP="-1" FF="0" LUT="13" fileDirectory="C:\xup\hls\labs\lms_lab"><\/item>
<item  id="87" filename="lms_track.c" linenumber="41" name="k_1" contextFuncName="lms_track" moduleName="lms_track" rtlName="k_1_fu_397_p2" latency="0" BRAM="-1" DSP="-1" FF="0" LUT="19" fileDirectory="C:\xup\hls\labs\lms_lab"><\/item>
<item  id="91" filename="lms_track.c" linenumber="43" name="tmp_11" contextFuncName="lms_track" moduleName="lms_track" rtlName="tmp_11_fu_403_p1" latency="0" BRAM="-1" DSP="-1" FF="-1" LUT="-1" fileDirectory="C:\xup\hls\labs\lms_lab"><\/item>
<item  id="94" filename="lms_track.c" linenumber="43" name="tmp_19" contextFuncName="lms_track" moduleName="lms_track" rtlName="tmp_19_fu_414_p1" latency="0" BRAM="-1" DSP="-1" FF="-1" LUT="-1" fileDirectory="C:\xup\hls\labs\lms_lab"><\/item>
<item  id="95" filename="lms_track.c" linenumber="43" name="tmp_12" contextFuncName="lms_track" moduleName="lms_track" rtlName="lms_track_sitodp_dEe_U3" latency="5" BRAM="-1" DSP="-1" FF="-1" LUT="-1" fileDirectory="C:\xup\hls\labs\lms_lab"><\/item>
<item  id="98" filename="lms_track.c" linenumber="43" name="tmp_20" contextFuncName="lms_track" moduleName="lms_track" rtlName="tmp_20_fu_409_p1" latency="0" BRAM="-1" DSP="-1" FF="-1" LUT="-1" fileDirectory="C:\xup\hls\labs\lms_lab"><\/item>
<item  id="99" filename="lms_track.c" linenumber="43" name="tmp_13" contextFuncName="lms_track" moduleName="lms_track" rtlName="lms_track_sitodp_dEe_U3" latency="5" BRAM="-1" DSP="-1" FF="-1" LUT="-1" fileDirectory="C:\xup\hls\labs\lms_lab"><\/item>
<item  id="100" filename="lms_track.c" linenumber="43" name="tmp_14" contextFuncName="lms_track" moduleName="lms_track" rtlName="lms_track_dmul_64cud_U2" latency="5" BRAM="-1" DSP="-1" FF="-1" LUT="-1" fileDirectory="C:\xup\hls\labs\lms_lab"><\/item>
<item  id="101" filename="lms_track.c" linenumber="43" name="x_assign" contextFuncName="lms_track" moduleName="lms_track" rtlName="lms_track_dadd_64bkb_U1" latency="4" BRAM="-1" DSP="-1" FF="-1" LUT="-1" fileDirectory="C:\xup\hls\labs\lms_lab"><\/item>
<item  id="102" filename="r:/builds/2018.3/continuous/2018_12_06_2405991/src/products/hls/hls_lib/src/hls\utils/x_hls_utils.h" linenumber="475" name="p_Val2_s" contextFuncName="fp_struct" moduleName="lms_track" rtlName="p_Val2_s_fu_419_p1" latency="0" BRAM="-1" DSP="-1" FF="-1" LUT="-1" fileDirectory="r:\builds\2018.3\continuous\2018_12_06_2405991\src\products"><\/item>
<item  id="103" filename="r:/builds/2018.3/continuous/2018_12_06_2405991/src/products/hls/hls_lib/src/hls\utils/x_hls_utils.h" linenumber="475" name="p_Result_s" contextFuncName="fp_struct" moduleName="lms_track" rtlName="p_Result_s_reg_703" latency="0" BRAM="-1" DSP="-1" FF="-1" LUT="-1" fileDirectory="r:\builds\2018.3\continuous\2018_12_06_2405991\src\products"><\/item>
<item  id="104" filename="r:/builds/2018.3/continuous/2018_12_06_2405991/src/products/hls/hls_lib/src/hls\utils/x_hls_utils.h" linenumber="477" name="tmp_V" contextFuncName="fp_struct" moduleName="lms_track" rtlName="tmp_V_fu_430_p4" latency="0" BRAM="-1" DSP="-1" FF="-1" LUT="-1" fileDirectory="r:\builds\2018.3\continuous\2018_12_06_2405991\src\products"><\/item>
<item  id="105" filename="r:/builds/2018.3/continuous/2018_12_06_2405991/src/products/hls/hls_lib/src/hls\utils/x_hls_utils.h" linenumber="478" name="tmp_V_1" contextFuncName="fp_struct" moduleName="lms_track" rtlName="tmp_V_1_fu_440_p1" latency="0" BRAM="-1" DSP="-1" FF="-1" LUT="-1" fileDirectory="r:\builds\2018.3\continuous\2018_12_06_2405991\src\products"><\/item>
<item  id="106" filename="r:/builds/2018.3/continuous/2018_12_06_2405991/src/products/hls/hls_lib/hlsmath/include/FloatingPoint\hls_case_IEEE754.h" linenumber="14" name="mantissa_V" contextFuncName="generic_cast_IEEE754&lt;short, 6, double&gt;" moduleName="lms_track" rtlName="mantissa_V_fu_444_p4" latency="0" BRAM="-1" DSP="-1" FF="-1" LUT="-1" fileDirectory="r:\builds\2018.3\continuous\2018_12_06_2405991\src\products"><\/item>
<item  id="107" filename="r:/builds/2018.3/continuous/2018_12_06_2405991/src/products/hls/hls_lib/hlsmath/include/FloatingPoint\hls_case_IEEE754.h" linenumber="14" name="mantissa_V_1_cast" contextFuncName="generic_cast_IEEE754&lt;short, 6, double&gt;" moduleName="lms_track" rtlName="mantissa_V_1_cast_fu_454_p1" latency="0" BRAM="-1" DSP="-1" FF="-1" LUT="-1" fileDirectory="r:\builds\2018.3\continuous\2018_12_06_2405991\src\products"><\/item>
<item  id="108" filename="r:/builds/2018.3/continuous/2018_12_06_2405991/src/products/hls/hls_lib/src/hls\utils/x_hls_utils.h" linenumber="502" name="tmp_i_i_i_i_cast1" contextFuncName="expv" moduleName="lms_track" rtlName="tmp_i_i_i_i_cast1_fu_458_p1" latency="0" BRAM="-1" DSP="-1" FF="-1" LUT="-1" fileDirectory="r:\builds\2018.3\continuous\2018_12_06_2405991\src\products"><\/item>
<item  id="109" filename="r:/builds/2018.3/continuous/2018_12_06_2405991/src/products/hls/hls_lib/src/hls\utils/x_hls_utils.h" linenumber="502" name="sh_assign" contextFuncName="expv" moduleName="lms_track" rtlName="sh_assign_fu_462_p2" latency="0" BRAM="-1" DSP="-1" FF="0" LUT="12" fileDirectory="r:\builds\2018.3\continuous\2018_12_06_2405991\src\products"><\/item>
<item  id="110" filename="r:/builds/2018.3/continuous/2018_12_06_2405991/src/products/hls/hls_lib/hlsmath/include/FloatingPoint\hls_case_IEEE754.h" linenumber="17" name="isNeg" contextFuncName="generic_cast_IEEE754&lt;short, 6, double&gt;" moduleName="lms_track" rtlName="isNeg_fu_468_p3" latency="0" BRAM="-1" DSP="-1" FF="-1" LUT="-1" fileDirectory="r:\builds\2018.3\continuous\2018_12_06_2405991\src\products"><\/item>
<item  id="111" filename="r:/builds/2018.3/continuous/2018_12_06_2405991/src/products/hls/hls_lib/hlsmath/include/FloatingPoint\hls_case_IEEE754.h" linenumber="17" name="tmp_i_i_i" contextFuncName="generic_cast_IEEE754&lt;short, 6, double&gt;" moduleName="lms_track" rtlName="tmp_i_i_i_fu_476_p2" latency="0" BRAM="-1" DSP="-1" FF="0" LUT="13" fileDirectory="r:\builds\2018.3\continuous\2018_12_06_2405991\src\products"><\/item>
<item  id="112" filename="r:/builds/2018.3/continuous/2018_12_06_2405991/src/products/hls/hls_lib/hlsmath/include/FloatingPoint\hls_case_IEEE754.h" linenumber="17" name="tmp_i_i_i_cast" contextFuncName="generic_cast_IEEE754&lt;short, 6, double&gt;" moduleName="lms_track" rtlName="tmp_i_i_i_cast_fu_482_p1" latency="0" BRAM="-1" DSP="-1" FF="-1" LUT="-1" fileDirectory="r:\builds\2018.3\continuous\2018_12_06_2405991\src\products"><\/item>
<item  id="113" filename="r:/builds/2018.3/continuous/2018_12_06_2405991/src/products/hls/hls_lib/hlsmath/include/FloatingPoint\hls_case_IEEE754.h" linenumber="17" name="ush" contextFuncName="generic_cast_IEEE754&lt;short, 6, double&gt;" moduleName="lms_track" rtlName="ush_fu_486_p3" latency="0" BRAM="-1" DSP="-1" FF="0" LUT="12" fileDirectory="r:\builds\2018.3\continuous\2018_12_06_2405991\src\products"><\/item>
<item  id="114" filename="r:/builds/2018.3/continuous/2018_12_06_2405991/src/products/hls/hls_lib/hlsmath/include/FloatingPoint\hls_case_IEEE754.h" linenumber="17" name="sh_assign_2_cast" contextFuncName="generic_cast_IEEE754&lt;short, 6, double&gt;" moduleName="lms_track" rtlName="sh_assign_2_cast_fu_494_p1" latency="0" BRAM="-1" DSP="-1" FF="-1" LUT="-1" fileDirectory="r:\builds\2018.3\continuous\2018_12_06_2405991\src\products"><\/item>
<item  id="115" filename="r:/builds/2018.3/continuous/2018_12_06_2405991/src/products/hls/hls_lib/hlsmath/include/FloatingPoint\hls_case_IEEE754.h" linenumber="17" name="tmp_i_i_i_13" contextFuncName="generic_cast_IEEE754&lt;short, 6, double&gt;" moduleName="lms_track" rtlName="tmp_i_i_i_13_fu_498_p1" latency="0" BRAM="-1" DSP="-1" FF="-1" LUT="-1" fileDirectory="r:\builds\2018.3\continuous\2018_12_06_2405991\src\products"><\/item>
<item  id="116" filename="r:/builds/2018.3/continuous/2018_12_06_2405991/src/products/hls/hls_lib/hlsmath/include/FloatingPoint\hls_case_IEEE754.h" linenumber="17" name="tmp_i_i_i_cast_14" contextFuncName="generic_cast_IEEE754&lt;short, 6, double&gt;" moduleName="lms_track" rtlName="tmp_i_i_i_cast_14_fu_502_p1" latency="0" BRAM="-1" DSP="-1" FF="-1" LUT="-1" fileDirectory="r:\builds\2018.3\continuous\2018_12_06_2405991\src\products"><\/item>
<item  id="117" filename="r:/builds/2018.3/continuous/2018_12_06_2405991/src/products/hls/hls_lib/hlsmath/include/FloatingPoint\hls_case_IEEE754.h" linenumber="17" name="r_V" contextFuncName="generic_cast_IEEE754&lt;short, 6, double&gt;" moduleName="lms_track" rtlName="r_V_fu_506_p2" latency="0" BRAM="-1" DSP="-1" FF="0" LUT="162" fileDirectory="r:\builds\2018.3\continuous\2018_12_06_2405991\src\products"><\/item>
<item  id="118" filename="r:/builds/2018.3/continuous/2018_12_06_2405991/src/products/hls/hls_lib/hlsmath/include/FloatingPoint\hls_case_IEEE754.h" linenumber="17" name="r_V_1" contextFuncName="generic_cast_IEEE754&lt;short, 6, double&gt;" moduleName="lms_track" rtlName="r_V_1_fu_512_p2" latency="0" BRAM="-1" DSP="-1" FF="0" LUT="402" fileDirectory="r:\builds\2018.3\continuous\2018_12_06_2405991\src\products"><\/item>
<item  id="119" filename="r:/builds/2018.3/continuous/2018_12_06_2405991/src/products/hls/hls_lib/hlsmath/include/FloatingPoint\hls_case_IEEE754.h" linenumber="20" name="tmp_24" contextFuncName="generic_cast_IEEE754&lt;short, 6, double&gt;" moduleName="lms_track" rtlName="tmp_24_fu_518_p3" latency="0" BRAM="-1" DSP="-1" FF="-1" LUT="-1" fileDirectory="r:\builds\2018.3\continuous\2018_12_06_2405991\src\products"><\/item>
<item  id="120" filename="r:/builds/2018.3/continuous/2018_12_06_2405991/src/products/hls/hls_lib/hlsmath/include/FloatingPoint\hls_case_IEEE754.h" linenumber="20" name="tmp_16" contextFuncName="generic_cast_IEEE754&lt;short, 6, double&gt;" moduleName="lms_track" rtlName="tmp_16_fu_526_p1" latency="0" BRAM="-1" DSP="-1" FF="-1" LUT="-1" fileDirectory="r:\builds\2018.3\continuous\2018_12_06_2405991\src\products"><\/item>
<item  id="121" filename="r:/builds/2018.3/continuous/2018_12_06_2405991/src/products/hls/hls_lib/hlsmath/include/FloatingPoint\hls_case_IEEE754.h" linenumber="20" name="tmp_17" contextFuncName="generic_cast_IEEE754&lt;short, 6, double&gt;" moduleName="lms_track" rtlName="tmp_17_fu_530_p4" latency="0" BRAM="-1" DSP="-1" FF="-1" LUT="-1" fileDirectory="r:\builds\2018.3\continuous\2018_12_06_2405991\src\products"><\/item>
<item  id="122" filename="r:/builds/2018.3/continuous/2018_12_06_2405991/src/products/hls/hls_lib/hlsmath/include/FloatingPoint\hls_case_IEEE754.h" linenumber="17" name="p_Val2_5" contextFuncName="generic_cast_IEEE754&lt;short, 6, double&gt;" moduleName="lms_track" rtlName="p_Val2_5_fu_540_p3" latency="0" BRAM="-1" DSP="-1" FF="0" LUT="16" fileDirectory="r:\builds\2018.3\continuous\2018_12_06_2405991\src\products"><\/item>
<item  id="123" filename="r:/builds/2018.3/continuous/2018_12_06_2405991/src/products/hls/hls_lib/hlsmath/include/FloatingPoint\hls_case_IEEE754.h" linenumber="58" name="result_V_1" contextFuncName="generic_cast_IEEE754&lt;short, 6, double&gt;" moduleName="lms_track" rtlName="result_V_1_fu_548_p2" latency="0" BRAM="-1" DSP="-1" FF="0" LUT="23" fileDirectory="r:\builds\2018.3\continuous\2018_12_06_2405991\src\products"><\/item>
<item  id="124" filename="r:/builds/2018.3/continuous/2018_12_06_2405991/src/products/hls/hls_lib/hlsmath/include/FloatingPoint\hls_case_IEEE754.h" linenumber="58" name="p_Val2_6" contextFuncName="generic_cast_IEEE754&lt;short, 6, double&gt;" moduleName="lms_track" rtlName="p_Val2_6_fu_553_p3" latency="0" BRAM="-1" DSP="-1" FF="0" LUT="16" fileDirectory="r:\builds\2018.3\continuous\2018_12_06_2405991\src\products"><\/item>
<\/annotationInfo>
</annotationInfo>
