{
  "Top": "lms_track",
  "RtlTop": "lms_track",
  "RtlPrefix": "",
  "SourceLanguage": "c",
  "ResetStyle": "control",
  "GenerateBdFiles": "0",
  "HostMachineBits": "64",
  "Target": {
    "Family": "zynq",
    "Device": "xc7z020",
    "Package": "clg400",
    "Speed": "-1"
  },
  "HlsSolution": {
    
  },
  "ClockInfo": {
    "ClockName": "ap_clk",
    "ClockPeriod": "10",
    "IsCombLogic": "0",
    "II": "x",
    "Latency": "225039",
    "Uncertainty": "1.25"
  },
  "Xdc": {"OocClocks": ["create_clock -name ap_clk -period 10.000 [get_ports ap_clk]"]},
  "Ipx": {
    "Vendor": "xilinx.com",
    "Library": "hls",
    "Name": "lms_track",
    "Version": "1.0",
    "DisplayName": "Lms_track",
    "Revision": "",
    "Description": "An IP generated by Vivado HLS",
    "Taxonomy": "\/VIVADO_HLS_IP",
    "AutoFamilySupport": ""
  },
  "Files": {
    "CSource": ["..\/..\/lms_track.c"],
    "Vhdl": [
      "impl\/vhdl\/lms_track_coe.vhd",
      "impl\/vhdl\/lms_track_dadd_64bkb.vhd",
      "impl\/vhdl\/lms_track_data_reg.vhd",
      "impl\/vhdl\/lms_track_dmul_64cud.vhd",
      "impl\/vhdl\/lms_track_mac_mulfYi.vhd",
      "impl\/vhdl\/lms_track_mac_mulg8j.vhd",
      "impl\/vhdl\/lms_track_mul_muleOg.vhd",
      "impl\/vhdl\/lms_track_sitodp_dEe.vhd",
      "impl\/vhdl\/lms_track.vhd"
    ],
    "Verilog": [
      "impl\/verilog\/lms_track_coe.v",
      "impl\/verilog\/lms_track_dadd_64bkb.v",
      "impl\/verilog\/lms_track_data_reg.v",
      "impl\/verilog\/lms_track_data_reg_ram.dat",
      "impl\/verilog\/lms_track_dmul_64cud.v",
      "impl\/verilog\/lms_track_mac_mulfYi.v",
      "impl\/verilog\/lms_track_mac_mulg8j.v",
      "impl\/verilog\/lms_track_mul_muleOg.v",
      "impl\/verilog\/lms_track_sitodp_dEe.v",
      "impl\/verilog\/lms_track.v"
    ],
    "Misc": ["impl\/misc\/logo.png"],
    "Subcore": [
      "impl\/misc\/lms_track_ap_dadd_3_full_dsp_64_ip.tcl",
      "impl\/misc\/lms_track_ap_dmul_4_max_dsp_64_ip.tcl",
      "impl\/misc\/lms_track_ap_sitodp_4_no_dsp_32_ip.tcl"
    ],
    "DesignXml": "C:\/xup\/hls\/labs\/lms_lab\/lms_project\/solution1\/.autopilot\/db\/lms_track.design.xml"
  },
  "SubcoreInfo": {
    "HasXpmMemory": false,
    "HasClockedDsp": false,
    "IP": [
      {
        "name": "lms_track_ap_dadd_3_full_dsp_64",
        "vlnv": "xilinx.com:ip:floating_point:7.1",
        "params": "CONFIG.a_precision_type Double CONFIG.a_tuser_width 1 CONFIG.add_sub_value Add CONFIG.b_tuser_width 1 CONFIG.c_a_exponent_width 11 CONFIG.c_a_fraction_width 53 CONFIG.c_compare_operation Programmable CONFIG.c_has_divide_by_zero false CONFIG.c_has_invalid_op false CONFIG.c_has_overflow false CONFIG.c_has_underflow false CONFIG.c_latency 3 CONFIG.c_mult_usage Full_Usage CONFIG.c_optimization Speed_Optimized CONFIG.c_rate 1 CONFIG.c_result_exponent_width 11 CONFIG.c_result_fraction_width 53 CONFIG.component_name lms_track_ap_dadd_3_full_dsp_64 CONFIG.flow_control NonBlocking CONFIG.has_a_tlast false CONFIG.has_a_tuser false CONFIG.has_aclken true CONFIG.has_aresetn false CONFIG.has_b_tlast false CONFIG.has_b_tuser false CONFIG.has_operation_tlast false CONFIG.has_operation_tuser false CONFIG.has_result_tready false CONFIG.maximum_latency false CONFIG.operation_tuser_width 1 CONFIG.operation_type Add_Subtract CONFIG.result_precision_type Double CONFIG.result_tlast_behv Null"
      },
      {
        "name": "lms_track_ap_dmul_4_max_dsp_64",
        "vlnv": "xilinx.com:ip:floating_point:7.1",
        "params": "CONFIG.a_precision_type Double CONFIG.a_tuser_width 1 CONFIG.add_sub_value Both CONFIG.b_tuser_width 1 CONFIG.c_a_exponent_width 11 CONFIG.c_a_fraction_width 53 CONFIG.c_compare_operation Programmable CONFIG.c_has_divide_by_zero false CONFIG.c_has_invalid_op false CONFIG.c_has_overflow false CONFIG.c_has_underflow false CONFIG.c_latency 4 CONFIG.c_mult_usage Max_Usage CONFIG.c_optimization Speed_Optimized CONFIG.c_rate 1 CONFIG.c_result_exponent_width 11 CONFIG.c_result_fraction_width 53 CONFIG.component_name lms_track_ap_dmul_4_max_dsp_64 CONFIG.flow_control NonBlocking CONFIG.has_a_tlast false CONFIG.has_a_tuser false CONFIG.has_aclken true CONFIG.has_aresetn false CONFIG.has_b_tlast false CONFIG.has_b_tuser false CONFIG.has_operation_tlast false CONFIG.has_operation_tuser false CONFIG.has_result_tready false CONFIG.maximum_latency false CONFIG.operation_tuser_width 1 CONFIG.operation_type Multiply CONFIG.result_precision_type Double CONFIG.result_tlast_behv Null"
      },
      {
        "name": "lms_track_ap_sitodp_4_no_dsp_32",
        "vlnv": "xilinx.com:ip:floating_point:7.1",
        "params": "CONFIG.a_precision_type Custom CONFIG.a_tuser_width 1 CONFIG.add_sub_value Both CONFIG.b_tuser_width 1 CONFIG.c_a_exponent_width 32 CONFIG.c_a_fraction_width 0 CONFIG.c_compare_operation Programmable CONFIG.c_has_divide_by_zero false CONFIG.c_has_invalid_op false CONFIG.c_has_overflow false CONFIG.c_has_underflow false CONFIG.c_latency 4 CONFIG.c_mult_usage No_Usage CONFIG.c_optimization Speed_Optimized CONFIG.c_rate 1 CONFIG.c_result_exponent_width 11 CONFIG.c_result_fraction_width 53 CONFIG.component_name lms_track_ap_sitodp_4_no_dsp_32 CONFIG.flow_control NonBlocking CONFIG.has_a_tlast false CONFIG.has_a_tuser false CONFIG.has_aclken true CONFIG.has_aresetn false CONFIG.has_b_tlast false CONFIG.has_b_tuser false CONFIG.has_operation_tlast false CONFIG.has_operation_tuser false CONFIG.has_result_tready false CONFIG.maximum_latency false CONFIG.operation_tuser_width 1 CONFIG.operation_type Fixed_to_Float CONFIG.result_precision_type Double CONFIG.result_tlast_behv Null"
      }
    ]
  },
  "Interfaces": {
    "ap_clk": {
      "type": "clock",
      "ctype": {"CLK": {"Type": "bool"}},
      "reset": "ap_rst"
    },
    "ap_ctrl": {
      "type": "ap_ctrl",
      "ctrl_ports": "ap_start ap_done ap_idle ap_ready",
      "ctype": {
        "start": {"Type": "bool"},
        "done": {"Type": "bool"},
        "idle": {"Type": "bool"},
        "ready": {"Type": "bool"}
      }
    },
    "ap_rst": {
      "type": "reset",
      "polarity": "ACTIVE_HIGH",
      "ctype": {"RST": {"Type": "bool"}}
    },
    "iter": {
      "type": "data",
      "dir": "in",
      "width": "16",
      "ctype": {"DATA": {
          "Type": "integer signed",
          "Width": "16"
        }}
    },
    "x": {
      "type": "data",
      "dir": "in",
      "width": "16",
      "ctype": {"DATA": {
          "Type": "integer signed",
          "Width": "16"
        }}
    },
    "y": {
      "type": "data",
      "dir": "out",
      "width": "16",
      "ctype": {"DATA": {
          "Type": "integer signed",
          "Width": "16"
        }}
    }
  },
  "RtlPorts": {
    "ap_clk": {
      "dir": "in",
      "width": "1"
    },
    "ap_rst": {
      "dir": "in",
      "width": "1"
    },
    "ap_start": {
      "dir": "in",
      "width": "1"
    },
    "ap_done": {
      "dir": "out",
      "width": "1"
    },
    "ap_idle": {
      "dir": "out",
      "width": "1"
    },
    "ap_ready": {
      "dir": "out",
      "width": "1"
    },
    "y": {
      "dir": "out",
      "width": "16"
    },
    "y_ap_vld": {
      "dir": "out",
      "width": "1"
    },
    "x": {
      "dir": "in",
      "width": "16"
    },
    "iter": {
      "dir": "in",
      "width": "16"
    }
  },
  "CPorts": {
    "ap_ctrl": {
      "interfaceRef": "ap_ctrl",
      "dir": "out"
    },
    "y": {
      "interfaceRef": "y",
      "dir": "out",
      "dataWidth": "16",
      "handshakeRef": "ap_vld",
      "firstOutLatency": "7"
    },
    "x": {
      "interfaceRef": "x",
      "dir": "in",
      "dataWidth": "16",
      "handshakeRef": "ap_none"
    },
    "iter": {
      "interfaceRef": "iter",
      "dir": "in",
      "dataWidth": "16",
      "handshakeRef": "ap_none"
    }
  },
  "ModuleInfo": {
    "Hierarchy": {"ModuleName": "lms_track"},
    "Metrics": {"lms_track": {
        "Latency": {
          "LatencyBest": "225039",
          "LatencyAvg": "225039",
          "LatencyWorst": "225039",
          "PipelineII": "225040",
          "PipelineDepth": "",
          "PipelineType": "none"
        },
        "Timing": {
          "Target": "10.00",
          "Uncertainty": "1.25",
          "Estimate": "10.564"
        },
        "Loops": [
          {
            "Name": "loop1",
            "TripCount": "9001",
            "Latency": "9001",
            "PipelineII": "",
            "PipelineDepth": "1"
          },
          {
            "Name": "loop2",
            "TripCount": "8999",
            "Latency": "26997",
            "PipelineII": "",
            "PipelineDepth": "3"
          },
          {
            "Name": "loop3",
            "TripCount": "9001",
            "Latency": "189021",
            "PipelineII": "",
            "PipelineDepth": "21"
          }
        ],
        "Area": {
          "BRAM_18K": "32",
          "DSP48E": "17",
          "FF": "1699",
          "LUT": "3562"
        }
      }}
  },
  "Sdx": {
    "Target": "none",
    "ProfileOption": "0",
    "ProfileType": "none",
    "XO": "",
    "KernelName": "lms_track",
    "EnableXoSwEmu": "1"
  },
  "GenData": {
    "DataVersion": "0.1",
    "Time": "2021-02-20 22:21:03 +0800",
    "ToolName": "vivado_hls",
    "ToolVersion": "2018.3"
  }
}
