<?xml version="1.0" encoding="UTF-8"?>
<vivadoHLSLog:LogRoot xmlns:vivadoHLSLog="www.xilinx.com/vivadoHLSLog">
  <errorLogs>
    <logs>
      <csimLog>
        <logs message="@E Simulation failed.&#xD;&#xA;" projectName="lms_project" solutionName="solution1" date="2021-03-06T15:41:54.525+0800"/>
        <logs message="ERROR: [SIM 211-100] 'csim_design' failed: compilation error(s)." projectName="lms_project" solutionName="solution1" date="2021-03-06T15:10:55.600+0800"/>
        <logs message="ERROR: [APCC 202-1] APCC failed.&#xD;&#xA;g++.exe: error: obj/lms_test.o: No such file or directory&#xD;&#xA;make: *** [csim.exe] Error 1" projectName="lms_project" solutionName="solution1" date="2021-03-06T15:10:55.591+0800"/>
        <logs message="ERROR: [APCC 202-1] ProcessSources failed" projectName="lms_project" solutionName="solution1" date="2021-03-06T15:10:55.554+0800"/>
        <logs message="ERROR: [APCC 202-10] clang compile failed: child process exited abnormally" projectName="lms_project" solutionName="solution1" date="2021-03-06T15:10:55.545+0800"/>
        <logs message="ERROR: [SIM 211-100] 'csim_design' failed: compilation error(s)." projectName="lms_project" solutionName="solution1" date="2021-03-06T15:06:11.292+0800"/>
        <logs message="ERROR: [APCC 202-1] APCC failed.&#xD;&#xA;g++.exe: error: obj/lms_test.o: No such file or directory&#xD;&#xA;g++.exe: error: obj/lms_track.o: No such file or directory&#xD;&#xA;make: *** [csim.exe] Error 1" projectName="lms_project" solutionName="solution1" date="2021-03-06T15:06:11.260+0800"/>
        <logs message="ERROR: [APCC 202-1] ProcessSources failed" projectName="lms_project" solutionName="solution1" date="2021-03-06T15:06:11.227+0800"/>
        <logs message="ERROR: [APCC 202-10] clang compile failed: child process exited abnormally" projectName="lms_project" solutionName="solution1" date="2021-03-06T15:06:11.176+0800"/>
        <logs message="ERROR: [APCC 202-1] APCC failed." projectName="lms_project" solutionName="solution1" date="2021-03-06T15:06:11.168+0800"/>
        <logs message="ERROR: [APCC 202-1] ProcessSources failed" projectName="lms_project" solutionName="solution1" date="2021-03-06T15:06:11.159+0800"/>
        <logs message="ERROR: [APCC 202-10] clang compile failed: child process exited abnormally" projectName="lms_project" solutionName="solution1" date="2021-03-06T15:06:11.151+0800"/>
      </csimLog>
    </logs>
  </errorLogs>
  <warningLogs>
    <logs>
      <csimLog/>
    </logs>
  </warningLogs>
</vivadoHLSLog:LogRoot>
